segment_accession,reference,gene,ref_site,ref_nucleicacid,nucleicacid,site,variant_type,cds_name,ref_aminoacid_site,ref_aminoacid,aminoacid,variant_amino_type
AB836740.1,NC_004905.2_NP,NP,48,G,T,39,snp,NP,3,S,S,synonymous SNV
AB836740.1,NC_004905.2_NP,NP,105,C,T,96,snp,NP,22,A,A,synonymous SNV
AB836740.1,NC_004905.2_NP,NP,107,C,A,98,snp,NP,23,T,N,nonsynonymous SNV
AB836740.1,NC_004905.2_NP,NP,141,T,C,132,snp,NP,34,G,G,synonymous SNV
AB836740.1,NC_004905.2_NP,NP,144,A,C,135,snp,NP,35,G,G,synonymous SNV
AB836740.1,NC_004905.2_NP,NP,153,G,A,144,snp,NP,38,R,R,synonymous SNV
AB836740.1,NC_004905.2_NP,NP,171,C,T,162,snp,NP,44,C,C,synonymous SNV
AB836740.1,NC_004905.2_NP,NP,174,T,A,165,snp,NP,45,T,T,synonymous SNV
AB836740.1,NC_004905.2_NP,NP,177,A,G,168,snp,NP,46,E,E,synonymous SNV
AB836740.1,NC_004905.2_NP,NP,180,C,A,171,snp,NP,47,L,L,synonymous SNV
AB836740.1,NC_004905.2_NP,NP,189,C,T,180,snp,NP,50,S,S,synonymous SNV
AB836740.1,NC_004905.2_NP,NP,195,A,T,186,snp,NP,52,Q,H,nonsynonymous SNV
AB836740.1,NC_004905.2_NP,NP,201,A,G,192,snp,NP,54,G,G,synonymous SNV
AB836740.1,NC_004905.2_NP,NP,261,G,A,252,snp,NP,74,R,R,synonymous SNV
AB836740.1,NC_004905.2_NP,NP,270,G,A,261,snp,NP,77,R,R,synonymous SNV
AB836740.1,NC_004905.2_NP,NP,276,A,G,267,snp,NP,79,L,L,synonymous SNV
AB836740.1,NC_004905.2_NP,NP,279,G,A,270,snp,NP,80,E,E,synonymous SNV
AB836740.1,NC_004905.2_NP,NP,282,A,G,273,snp,NP,81,E,E,synonymous SNV
AB836740.1,NC_004905.2_NP,NP,285,T,C,276,snp,NP,82,H,H,synonymous SNV
AB836740.1,NC_004905.2_NP,NP,297,G,A,288,snp,NP,86,G,G,synonymous SNV
AB836740.1,NC_004905.2_NP,NP,312,G,A,303,snp,NP,91,K,K,synonymous SNV
AB836740.1,NC_004905.2_NP,NP,315,C,T,306,snp,NP,92,T,T,synonymous SNV
AB836740.1,NC_004905.2_NP,NP,327,C,T,318,snp,NP,96,I,I,synonymous SNV
AB836740.1,NC_004905.2_NP,NP,336,G,A,327,snp,NP,99,R,R,synonymous SNV
AB836740.1,NC_004905.2_NP,NP,354,G,T,345,snp,NP,105,V,V,synonymous SNV
AB836740.1,NC_004905.2_NP,NP,366,T,C,357,snp,NP,109,I,I,synonymous SNV
AB836740.1,NC_004905.2_NP,NP,381,G,A,372,snp,NP,114,E,E,synonymous SNV
AB836740.1,NC_004905.2_NP,NP,387,A,C,378,snp,NP,116,I,I,synonymous SNV
AB836740.1,NC_004905.2_NP,NP,393,A,G,384,snp,NP,118,R,R,synonymous SNV
AB836740.1,NC_004905.2_NP,NP,420,A,G,411,snp,NP,127,E,E,synonymous SNV
AB836740.1,NC_004905.2_NP,NP,438,C,T,429,snp,NP,133,L,L,synonymous SNV
AB836740.1,NC_004905.2_NP,NP,441,T,C,432,snp,NP,134,T,T,synonymous SNV
AB836740.1,NC_004905.2_NP,NP,447,G,T,438,snp,NP,136,M,I,nonsynonymous SNV
AB836740.1,NC_004905.2_NP,NP,453,C,A,444,snp,NP,138,I,I,synonymous SNV
AB836740.1,NC_004905.2_NP,NP,465,C,T,456,snp,NP,142,N,N,synonymous SNV
AB836740.1,NC_004905.2_NP,NP,468,A,G,459,snp,NP,143,L,L,synonymous SNV
AB836740.1,NC_004905.2_NP,NP,480,A,C,471,snp,NP,147,T,T,synonymous SNV
AB836740.1,NC_004905.2_NP,NP,483,C,T,474,snp,NP,148,Y,Y,synonymous SNV
AB836740.1,NC_004905.2_NP,NP,492,A,G,483,snp,NP,151,T,T,synonymous SNV
AB836740.1,NC_004905.2_NP,NP,498,C,T,489,snp,NP,153,A,A,synonymous SNV
AB836740.1,NC_004905.2_NP,NP,507,G,T,498,snp,NP,156,R,R,synonymous SNV
AB836740.1,NC_004905.2_NP,NP,519,C,T,510,snp,NP,160,D,D,synonymous SNV
AB836740.1,NC_004905.2_NP,NP,525,A,G,516,snp,NP,162,R,R,synonymous SNV
AB836740.1,NC_004905.2_NP,NP,552,C,T,543,snp,NP,171,T,T,synonymous SNV
AB836740.1,NC_004905.2_NP,NP,555,C,A,546,snp,NP,172,L,L,synonymous SNV
AB836740.1,NC_004905.2_NP,NP,558,G,T,549,snp,NP,173,P,P,synonymous SNV
AB836740.1,NC_004905.2_NP,NP,570,A,G,561,snp,NP,177,G,G,synonymous SNV
AB836740.1,NC_004905.2_NP,NP,573,T,A,564,snp,NP,178,A,A,synonymous SNV
AB836740.1,NC_004905.2_NP,NP,576,T,A,567,snp,NP,179,A,A,synonymous SNV
AB836740.1,NC_004905.2_NP,NP,597,C,A,588,snp,NP,186,V,V,synonymous SNV
AB836740.1,NC_004905.2_NP,NP,609,A,G,600,snp,NP,190,V,V,synonymous SNV
AB836740.1,NC_004905.2_NP,NP,618,A,G,609,snp,NP,193,L,L,synonymous SNV
AB836740.1,NC_004905.2_NP,NP,633,G,A,624,snp,NP,198,K,K,synonymous SNV
AB836740.1,NC_004905.2_NP,NP,639,C,G,630,snp,NP,200,G,G,synonymous SNV
AB836740.1,NC_004905.2_NP,NP,642,T,C,633,snp,NP,201,I,I,synonymous SNV
AB836740.1,NC_004905.2_NP,NP,645,T,C,636,snp,NP,202,N,N,synonymous SNV
AB836740.1,NC_004905.2_NP,NP,654,C,T,645,snp,NP,205,N,N,synonymous SNV
AB836740.1,NC_004905.2_NP,NP,669,T,A,660,snp,NP,210,D,E,nonsynonymous SNV
AB836740.1,NC_004905.2_NP,NP,687,G,A,678,snp,NP,216,R,R,synonymous SNV
AB836740.1,NC_004905.2_NP,NP,696,T,C,687,snp,NP,219,Y,Y,synonymous SNV
AB836740.1,NC_004905.2_NP,NP,723,G,A,714,snp,NP,228,G,G,synonymous SNV
AB836740.1,NC_004905.2_NP,NP,729,T,C,720,snp,NP,230,F,F,synonymous SNV
AB836740.1,NC_004905.2_NP,NP,762,G,A,753,snp,NP,241,Q,Q,synonymous SNV
AB836740.1,NC_004905.2_NP,NP,771,A,G,762,snp,NP,244,E,E,synonymous SNV
AB836740.1,NC_004905.2_NP,NP,786,G,A,777,snp,NP,249,G,G,synonymous SNV
AB836740.1,NC_004905.2_NP,NP,798,T,A,789,snp,NP,253,I,I,synonymous SNV
AB836740.1,NC_004905.2_NP,NP,807,C,T,798,snp,NP,256,L,L,synonymous SNV
AB836740.1,NC_004905.2_NP,NP,810,C,T,801,snp,NP,257,I,I,synonymous SNV
AB836740.1,NC_004905.2_NP,NP,843,A,G,834,snp,NP,268,G,G,synonymous SNV
AB836740.1,NC_004905.2_NP,NP,846,C,A,837,snp,NP,269,S,S,synonymous SNV
AB836740.1,NC_004905.2_NP,NP,849,A,G,840,snp,NP,270,V,V,synonymous SNV
AB836740.1,NC_004905.2_NP,NP,861,C,A,852,snp,NP,274,S,S,synonymous SNV
AB836740.1,NC_004905.2_NP,NP,888,C,T,879,snp,NP,283,L,L,synonymous SNV
AB836740.1,NC_004905.2_NP,NP,891,T,A,882,snp,NP,284,A,A,synonymous SNV
AB836740.1,NC_004905.2_NP,NP,897,C,T,888,snp,NP,286,A,A,synonymous SNV
AB836740.1,NC_004905.2_NP,NP,909,T,C,900,snp,NP,290,D,D,synonymous SNV
AB836740.1,NC_004905.2_NP,NP,918,G,A,909,snp,NP,293,R,R,synonymous SNV
AB836740.1,NC_004905.2_NP,NP,924,G,A,915,snp,NP,295,G,G,synonymous SNV
AB836740.1,NC_004905.2_NP,NP,930,T,C,921,snp,NP,297,S,S,synonymous SNV
AB836740.1,NC_004905.2_NP,NP,963,G,A,954,snp,NP,308,Q,Q,synonymous SNV
AB836740.1,NC_004905.2_NP,NP,969,T,C,960,snp,NP,310,S,S,synonymous SNV
AB836740.1,NC_004905.2_NP,NP,978,C,T,969,snp,NP,313,F,F,synonymous SNV
AB836740.1,NC_004905.2_NP,NP,984,T,C,975,snp,NP,315,L,L,synonymous SNV
AB836740.1,NC_004905.2_NP,NP,1002,T,C,993,snp,NP,321,N,N,synonymous SNV
AB836740.1,NC_004905.2_NP,NP,1011,T,C,1002,snp,NP,324,H,H,synonymous SNV
AB836740.1,NC_004905.2_NP,NP,1014,A,G,1005,snp,NP,325,K,K,synonymous SNV
AB836740.1,NC_004905.2_NP,NP,1023,G,A,1014,snp,NP,328,L,L,synonymous SNV
AB836740.1,NC_004905.2_NP,NP,1026,A,G,1017,snp,NP,329,V,V,synonymous SNV
AB836740.1,NC_004905.2_NP,NP,1041,T,C,1032,snp,NP,334,H,H,synonymous SNV
AB836740.1,NC_004905.2_NP,NP,1062,G,T,1053,snp,NP,341,L,L,synonymous SNV
AB836740.1,NC_004905.2_NP,NP,1080,T,C,1071,snp,NP,347,I,I,synonymous SNV
AB836740.1,NC_004905.2_NP,NP,1086,A,G,1077,snp,NP,349,G,G,synonymous SNV
AB836740.1,NC_004905.2_NP,NP,1110,A,G,1101,snp,NP,357,Q,Q,synonymous SNV
AB836740.1,NC_004905.2_NP,NP,1113,A,T,1104,snp,NP,358,L,L,synonymous SNV
AB836740.1,NC_004905.2_NP,NP,1125,A,G,1116,snp,NP,362,G,G,synonymous SNV
AB836740.1,NC_004905.2_NP,NP,1131,G,A,1122,snp,NP,364,Q,Q,synonymous SNV
AB836740.1,NC_004905.2_NP,NP,1164,T,C,1155,snp,NP,375,D,D,synonymous SNV
AB836740.1,NC_004905.2_NP,NP,1169,G,A,1160,snp,NP,377,S,N,nonsynonymous SNV
AB836740.1,NC_004905.2_NP,NP,1188,C,T,1179,snp,NP,383,S,S,synonymous SNV
AB836740.1,NC_004905.2_NP,NP,1191,A,G,1182,snp,NP,384,R,R,synonymous SNV
AB836740.1,NC_004905.2_NP,NP,1206,G,A,1197,snp,NP,389,R,R,synonymous SNV
AB836740.1,NC_004905.2_NP,NP,1212,G,A,1203,snp,NP,391,R,R,synonymous SNV
AB836740.1,NC_004905.2_NP,NP,1215,T,C,1206,snp,NP,392,S,S,synonymous SNV
AB836740.1,NC_004905.2_NP,NP,1230,T,C,1221,snp,NP,397,N,N,synonymous SNV
AB836740.1,NC_004905.2_NP,NP,1239,A,G,1230,snp,NP,400,R,R,synonymous SNV
AB836740.1,NC_004905.2_NP,NP,1242,A,T,1233,snp,NP,401,A,A,synonymous SNV
AB836740.1,NC_004905.2_NP,NP,1254,A,G,1245,snp,NP,405,Q,Q,synonymous SNV
AB836740.1,NC_004905.2_NP,NP,1260,T,C,1251,snp,NP,407,S,S,synonymous SNV
AB836740.1,NC_004905.2_NP,NP,1263,A,T,1254,snp,NP,408,V,V,synonymous SNV
AB836740.1,NC_004905.2_NP,NP,1266,G,A,1257,snp,NP,409,Q,Q,synonymous SNV
AB836740.1,NC_004905.2_NP,NP,1278,A,G,1269,snp,NP,413,S,S,synonymous SNV
AB836740.1,NC_004905.2_NP,NP,1320,T,A,1311,snp,NP,427,A,A,synonymous SNV
AB836740.1,NC_004905.2_NP,NP,1323,G,A,1314,snp,NP,428,A,A,synonymous SNV
AB836740.1,NC_004905.2_NP,NP,1328,A,C,1319,snp,NP,430,K,T,nonsynonymous SNV
AB836740.1,NC_004905.2_NP,NP,1329,G,C,1320,snp,NP,430,K,T,nonsynonymous SNV
AB836740.1,NC_004905.2_NP,NP,1332,G,A,1323,snp,NP,431,G,G,synonymous SNV
AB836740.1,NC_004905.2_NP,NP,1338,C,T,1329,snp,NP,433,T,T,synonymous SNV
AB836740.1,NC_004905.2_NP,NP,1344,C,T,1335,snp,NP,435,G,G,synonymous SNV
AB836740.1,NC_004905.2_NP,NP,1350,A,G,1341,snp,NP,437,T,T,synonymous SNV
AB836740.1,NC_004905.2_NP,NP,1377,G,A,1368,snp,NP,446,R,R,synonymous SNV
AB836740.1,NC_004905.2_NP,NP,1410,T,A,1401,snp,NP,457,S,S,synonymous SNV
AB836740.1,NC_004905.2_NP,NP,1524,A,G,1515,snp,NP,495,E,E,synonymous SNV
AB836741.1,NC_004909.1_NA,NA,15,A,G,18,snp,NA,5,Q,Q,synonymous SNV
AB836741.1,NC_004909.1_NA,NA,33,C,T,36,snp,NA,11,G,G,synonymous SNV
AB836741.1,NC_004909.1_NA,NA,36,T,C,39,snp,NA,12,S,S,synonymous SNV
AB836741.1,NC_004909.1_NA,NA,39,T,C,42,snp,NA,13,V,V,synonymous SNV
AB836741.1,NC_004909.1_NA,NA,56,C,T,59,snp,NA,19,T,I,nonsynonymous SNV
AB836741.1,NC_004909.1_NA,NA,63,T,C,66,snp,NA,21,C,C,synonymous SNV
AB836741.1,NC_004909.1_NA,NA,66,A,C,69,snp,NA,22,L,F,nonsynonymous SNV
AB836741.1,NC_004909.1_NA,NA,89,C,T,92,snp,NA,30,A,V,nonsynonymous SNV
AB836741.1,NC_004909.1_NA,NA,90,A,T,93,snp,NA,30,A,V,nonsynonymous SNV
AB836741.1,NC_004909.1_NA,NA,96,T,C,99,snp,NA,32,T,T,synonymous SNV
AB836741.1,NC_004909.1_NA,NA,120,T,C,129,snp,NA,40,C,C,synonymous SNV
AB836741.1,NC_004909.1_NA,NA,129,A,C,138,snp,NA,43,P,P,synonymous SNV
AB836741.1,NC_004909.1_NA,NA,155,A,G,164,snp,NA,52,E,G,nonsynonymous SNV
AB836741.1,NC_004909.1_NA,NA,183,A,T,192,snp,NA,61,T,T,synonymous SNV
AB836741.1,NC_004909.1_NA,NA,195,T,C,204,snp,NA,65,H,H,synonymous SNV
AB836741.1,NC_004909.1_NA,NA,198,G,A,207,snp,NA,66,L,L,synonymous SNV
AB836741.1,NC_004909.1_NA,NA,203,A,G,212,snp,NA,68,N,S,nonsynonymous SNV
AB836741.1,NC_004909.1_NA,NA,204,T,C,213,snp,NA,68,N,S,nonsynonymous SNV
AB836741.1,NC_004909.1_NA,NA,222,A,G,231,snp,NA,74,E,E,synonymous SNV
AB836741.1,NC_004909.1_NA,NA,224,G,T,233,snp,NA,75,S,I,nonsynonymous SNV
AB836741.1,NC_004909.1_NA,NA,236,T,C,245,snp,NA,79,V,A,nonsynonymous SNV
AB836741.1,NC_004909.1_NA,NA,242,A,G,251,snp,NA,81,E,G,nonsynonymous SNV
AB836741.1,NC_004909.1_NA,NA,248,A,G,257,snp,NA,83,K,R,nonsynonymous SNV
AB836741.1,NC_004909.1_NA,NA,258,A,G,267,snp,NA,86,S,S,synonymous SNV
AB836741.1,NC_004909.1_NA,NA,264,G,A,273,snp,NA,88,P,P,synonymous SNV
AB836741.1,NC_004909.1_NA,NA,276,T,A,285,snp,NA,92,I,I,synonymous SNV
AB836741.1,NC_004909.1_NA,NA,288,C,T,297,snp,NA,96,A,A,synonymous SNV
AB836741.1,NC_004909.1_NA,NA,306,C,T,315,snp,NA,102,N,N,synonymous SNV
AB836741.1,NC_004909.1_NA,NA,318,T,C,327,snp,NA,106,L,L,synonymous SNV
AB836741.1,NC_004909.1_NA,NA,321,T,C,330,snp,NA,107,S,S,synonymous SNV
AB836741.1,NC_004909.1_NA,NA,327,C,T,336,snp,NA,109,G,G,synonymous SNV
AB836741.1,NC_004909.1_NA,NA,351,A,G,360,snp,NA,117,E,E,synonymous SNV
AB836741.1,NC_004909.1_NA,NA,363,G,A,372,snp,NA,121,S,S,synonymous SNV
AB836741.1,NC_004909.1_NA,NA,366,C,T,375,snp,NA,122,C,C,synonymous SNV
AB836741.1,NC_004909.1_NA,NA,384,C,T,393,snp,NA,128,Y,Y,synonymous SNV
AB836741.1,NC_004909.1_NA,NA,387,A,G,396,snp,NA,129,Q,Q,synonymous SNV
AB836741.1,NC_004909.1_NA,NA,405,A,G,414,snp,NA,135,G,G,synonymous SNV
AB836741.1,NC_004909.1_NA,NA,411,T,C,420,snp,NA,137,T,T,synonymous SNV
AB836741.1,NC_004909.1_NA,NA,422,A,G,431,snp,NA,141,K,S,nonsynonymous SNV
AB836741.1,NC_004909.1_NA,NA,423,A,T,432,snp,NA,141,K,S,nonsynonymous SNV
AB836741.1,NC_004909.1_NA,NA,440,T,C,449,snp,NA,147,I,T,nonsynonymous SNV
AB836741.1,NC_004909.1_NA,NA,452,G,C,461,snp,NA,151,S,T,nonsynonymous SNV
AB836741.1,NC_004909.1_NA,NA,456,C,T,465,snp,NA,152,P,P,synonymous SNV
AB836741.1,NC_004909.1_NA,NA,462,A,G,471,snp,NA,154,R,R,synonymous SNV
AB836741.1,NC_004909.1_NA,NA,465,C,A,474,snp,NA,155,T,T,synonymous SNV
AB836741.1,NC_004909.1_NA,NA,471,A,G,480,snp,NA,157,L,L,synonymous SNV
AB836741.1,NC_004909.1_NA,NA,477,C,T,486,snp,NA,159,N,N,synonymous SNV
AB836741.1,NC_004909.1_NA,NA,503,G,T,512,snp,NA,168,G,V,nonsynonymous SNV
AB836741.1,NC_004909.1_NA,NA,504,A,G,513,snp,NA,168,G,V,nonsynonymous SNV
AB836741.1,NC_004909.1_NA,NA,543,C,T,552,snp,NA,181,C,C,synonymous SNV
AB836741.1,NC_004909.1_NA,NA,555,G,A,564,snp,NA,185,K,K,synonymous SNV
AB836741.1,NC_004909.1_NA,NA,576,C,T,585,snp,NA,192,V,V,synonymous SNV
AB836741.1,NC_004909.1_NA,NA,582,G,A,591,snp,NA,194,G,G,synonymous SNV
AB836741.1,NC_004909.1_NA,NA,591,A,C,600,snp,NA,197,R,S,nonsynonymous SNV
AB836741.1,NC_004909.1_NA,NA,597,G,A,606,snp,NA,199,A,A,synonymous SNV
AB836741.1,NC_004909.1_NA,NA,603,T,C,612,snp,NA,201,A,A,synonymous SNV
AB836741.1,NC_004909.1_NA,NA,606,C,T,615,snp,NA,202,S,S,synonymous SNV
AB836741.1,NC_004909.1_NA,NA,612,T,C,621,snp,NA,204,I,I,synonymous SNV
AB836741.1,NC_004909.1_NA,NA,617,A,G,626,snp,NA,206,D,G,nonsynonymous SNV
AB836741.1,NC_004909.1_NA,NA,621,G,T,630,snp,NA,207,G,G,synonymous SNV
AB836741.1,NC_004909.1_NA,NA,624,G,A,633,snp,NA,208,M,I,nonsynonymous SNV
AB836741.1,NC_004909.1_NA,NA,629,C,T,638,snp,NA,210,T,I,nonsynonymous SNV
AB836741.1,NC_004909.1_NA,NA,630,C,T,639,snp,NA,210,T,I,nonsynonymous SNV
AB836741.1,NC_004909.1_NA,NA,633,C,T,642,snp,NA,211,D,D,synonymous SNV
AB836741.1,NC_004909.1_NA,NA,636,T,C,645,snp,NA,212,S,S,synonymous SNV
AB836741.1,NC_004909.1_NA,NA,654,G,A,663,snp,NA,218,K,K,synonymous SNV
AB836741.1,NC_004909.1_NA,NA,657,C,T,666,snp,NA,219,N,N,synonymous SNV
AB836741.1,NC_004909.1_NA,NA,684,C,T,693,snp,NA,228,C,C,synonymous SNV
AB836741.1,NC_004909.1_NA,NA,702,T,C,711,snp,NA,234,T,T,synonymous SNV
AB836741.1,NC_004909.1_NA,NA,708,A,G,717,snp,NA,236,T,T,synonymous SNV
AB836741.1,NC_004909.1_NA,NA,738,A,G,747,snp,NA,246,G,G,synonymous SNV
AB836741.1,NC_004909.1_NA,NA,740,G,A,749,snp,NA,247,R,K,nonsynonymous SNV
AB836741.1,NC_004909.1_NA,NA,741,G,A,750,snp,NA,247,R,K,nonsynonymous SNV
AB836741.1,NC_004909.1_NA,NA,747,T,C,756,snp,NA,249,D,D,synonymous SNV
AB836741.1,NC_004909.1_NA,NA,752,A,G,761,snp,NA,251,K,R,nonsynonymous SNV
AB836741.1,NC_004909.1_NA,NA,762,C,T,771,snp,NA,254,F,F,synonymous SNV
AB836741.1,NC_004909.1_NA,NA,771,A,G,780,snp,NA,257,E,E,synonymous SNV
AB836741.1,NC_004909.1_NA,NA,780,T,A,789,snp,NA,260,I,I,synonymous SNV
AB836741.1,NC_004909.1_NA,NA,783,C,A,792,snp,NA,261,V,V,synonymous SNV
AB836741.1,NC_004909.1_NA,NA,792,T,C,801,snp,NA,264,G,G,synonymous SNV
AB836741.1,NC_004909.1_NA,NA,795,A,T,804,snp,NA,265,P,P,synonymous SNV
AB836741.1,NC_004909.1_NA,NA,842,G,A,851,snp,NA,281,R,Q,nonsynonymous SNV
AB836741.1,NC_004909.1_NA,NA,843,G,A,852,snp,NA,281,R,Q,nonsynonymous SNV
AB836741.1,NC_004909.1_NA,NA,858,A,G,867,snp,NA,286,R,R,synonymous SNV
AB836741.1,NC_004909.1_NA,NA,867,C,T,876,snp,NA,289,C,C,synonymous SNV
AB836741.1,NC_004909.1_NA,NA,881,A,G,890,snp,NA,294,K,R,nonsynonymous SNV
AB836741.1,NC_004909.1_NA,NA,885,C,A,894,snp,NA,295,G,G,synonymous SNV
AB836741.1,NC_004909.1_NA,NA,888,C,T,897,snp,NA,296,S,S,synonymous SNV
AB836741.1,NC_004909.1_NA,NA,900,G,T,909,snp,NA,300,V,V,synonymous SNV
AB836741.1,NC_004909.1_NA,NA,906,T,C,915,snp,NA,302,Y,Y,synonymous SNV
AB836741.1,NC_004909.1_NA,NA,936,T,C,945,snp,NA,312,S,S,synonymous SNV
AB836741.1,NC_004909.1_NA,NA,951,A,G,960,snp,NA,317,S,S,synonymous SNV
AB836741.1,NC_004909.1_NA,NA,963,C,T,972,snp,NA,321,G,G,synonymous SNV
AB836741.1,NC_004909.1_NA,NA,986,G,T,995,snp,NA,329,S,I,nonsynonymous SNV
AB836741.1,NC_004909.1_NA,NA,987,C,A,996,snp,NA,329,S,I,nonsynonymous SNV
AB836741.1,NC_004909.1_NA,NA,990,C,T,999,snp,NA,330,S,S,synonymous SNV
AB836741.1,NC_004909.1_NA,NA,999,T,C,1008,snp,NA,333,S,S,synonymous SNV
AB836741.1,NC_004909.1_NA,NA,1002,C,T,1011,snp,NA,334,N,N,synonymous SNV
AB836741.1,NC_004909.1_NA,NA,1007,G,A,1016,snp,NA,336,R,K,nonsynonymous SNV
AB836741.1,NC_004909.1_NA,NA,1020,C,T,1029,snp,NA,340,N,N,synonymous SNV
AB836741.1,NC_004909.1_NA,NA,1031,G,C,1040,snp,NA,344,G,A,nonsynonymous SNV
AB836741.1,NC_004909.1_NA,NA,1032,C,T,1041,snp,NA,344,G,A,nonsynonymous SNV
AB836741.1,NC_004909.1_NA,NA,1061,A,G,1070,snp,NA,354,N,S,nonsynonymous SNV
AB836741.1,NC_004909.1_NA,NA,1071,T,C,1080,snp,NA,357,D,D,synonymous SNV
AB836741.1,NC_004909.1_NA,NA,1089,A,T,1098,snp,NA,363,T,T,synonymous SNV
AB836741.1,NC_004909.1_NA,NA,1092,C,T,1101,snp,NA,364,I,I,synonymous SNV
AB836741.1,NC_004909.1_NA,NA,1095,G,A,1104,snp,NA,365,K,K,synonymous SNV
AB836741.1,NC_004909.1_NA,NA,1098,A,G,1107,snp,NA,366,K,K,synonymous SNV
AB836741.1,NC_004909.1_NA,NA,1110,T,A,1119,snp,NA,370,S,S,synonymous SNV
AB836741.1,NC_004909.1_NA,NA,1113,T,C,1122,snp,NA,371,G,G,synonymous SNV
AB836741.1,NC_004909.1_NA,NA,1136,G,A,1145,snp,NA,379,G,D,nonsynonymous SNV
AB836741.1,NC_004909.1_NA,NA,1145,C,A,1154,snp,NA,382,T,N,nonsynonymous SNV
AB836741.1,NC_004909.1_NA,NA,1146,T,C,1155,snp,NA,382,T,N,nonsynonymous SNV
AB836741.1,NC_004909.1_NA,NA,1149,G,T,1158,snp,NA,383,T,T,synonymous SNV
AB836741.1,NC_004909.1_NA,NA,1167,A,G,1176,snp,NA,389,Q,Q,synonymous SNV
AB836741.1,NC_004909.1_NA,NA,1169,T,C,1178,snp,NA,390,I,T,nonsynonymous SNV
AB836741.1,NC_004909.1_NA,NA,1173,T,C,1182,snp,NA,391,N,N,synonymous SNV
AB836741.1,NC_004909.1_NA,NA,1176,G,A,1185,snp,NA,392,R,R,synonymous SNV
AB836741.1,NC_004909.1_NA,NA,1190,A,G,1199,snp,NA,397,D,G,nonsynonymous SNV
AB836741.1,NC_004909.1_NA,NA,1197,T,C,1206,snp,NA,399,D,D,synonymous SNV
AB836741.1,NC_004909.1_NA,NA,1200,C,T,1209,snp,NA,400,N,N,synonymous SNV
AB836741.1,NC_004909.1_NA,NA,1202,G,C,1211,snp,NA,401,W,S,nonsynonymous SNV
AB836741.1,NC_004909.1_NA,NA,1206,T,C,1215,snp,NA,402,S,S,synonymous SNV
AB836741.1,NC_004909.1_NA,NA,1218,T,C,1227,snp,NA,406,G,G,synonymous SNV
AB836741.1,NC_004909.1_NA,NA,1221,A,T,1230,snp,NA,407,I,I,synonymous SNV
AB836741.1,NC_004909.1_NA,NA,1227,T,C,1236,snp,NA,409,S,S,synonymous SNV
AB836741.1,NC_004909.1_NA,NA,1236,A,C,1245,snp,NA,412,G,G,synonymous SNV
AB836741.1,NC_004909.1_NA,NA,1241,C,G,1250,snp,NA,414,T,S,nonsynonymous SNV
AB836741.1,NC_004909.1_NA,NA,1266,G,A,1275,snp,NA,422,V,V,synonymous SNV
AB836741.1,NC_004909.1_NA,NA,1272,G,A,1281,snp,NA,424,L,L,synonymous SNV
AB836741.1,NC_004909.1_NA,NA,1296,C,T,1305,snp,NA,432,T,T,synonymous SNV
AB836741.1,NC_004909.1_NA,NA,1302,A,G,1311,snp,NA,434,V,V,synonymous SNV
AB836741.1,NC_004909.1_NA,NA,1320,C,T,1329,snp,NA,440,S,S,synonymous SNV
AB836741.1,NC_004909.1_NA,NA,1323,C,T,1332,snp,NA,441,I,I,synonymous SNV
AB836741.1,NC_004909.1_NA,NA,1332,T,C,1341,snp,NA,444,F,F,synonymous SNV
AB836741.1,NC_004909.1_NA,NA,1338,A,C,1347,snp,NA,446,G,G,synonymous SNV
AB836741.1,NC_004909.1_NA,NA,1350,C,T,1359,snp,NA,450,T,T,synonymous SNV
AB836741.1,NC_004909.1_NA,NA,1377,A,T,1386,snp,NA,459,G,G,synonymous SNV
AB836741.1,NC_004909.1_NA,NA,1380,G,A,1389,snp,NA,460,A,A,synonymous SNV
AB836741.1,NC_004909.1_NA,NA,110,-,CAAGCA,,insertion,NA,37,-,QA,insertion
AB836743.1,NC_004906.1_NS,NS1,53,T,C,38,snp,NS1,9,F,F,synonymous SNV
AB836743.1,NC_004906.1_NS,NS1,62,C,T,47,snp,NS1,12,D,D,synonymous SNV
AB836743.1,NC_004906.1_NS,NS1,89,A,G,74,snp,NS1,21,R,R,synonymous SNV
AB836743.1,NC_004906.1_NS,NS1,122,C,T,107,snp,NS1,32,F,F,synonymous SNV
AB836743.1,NC_004906.1_NS,NS1,125,T,A,110,snp,NS1,33,L,L,synonymous SNV
AB836743.1,NC_004906.1_NS,NS1,155,A,G,140,snp,NS1,43,L,L,synonymous SNV
AB836743.1,NC_004906.1_NS,NS1,194,T,C,179,snp,NS1,56,T,T,synonymous SNV
AB836743.1,NC_004906.1_NS,NS1,197,C,A,182,snp,NS1,57,A,A,synonymous SNV
AB836743.1,NC_004906.1_NS,NS1,206,A,C,191,snp,NS1,60,E,D,nonsynonymous SNV
AB836743.1,NC_004906.1_NS,NS1,227,G,A,212,snp,NS1,67,R,R,synonymous SNV
AB836743.1,NC_004906.1_NS,NS1,242,A,G,227,snp,NS1,72,E,E,synonymous SNV
AB836743.1,NC_004906.1_NS,NS1,245,T,A,230,snp,NS1,73,S,S,synonymous SNV
AB836743.1,NC_004906.1_NS,NS1,251,G,A,236,snp,NS1,75,E,E,synonymous SNV
AB836743.1,NC_004906.1_NS,NS1,269,C,T,254,snp,NS1,81,I,I,synonymous SNV
AB836743.1,NC_004906.1_NS,NS1,281,T,A,266,snp,NS1,85,P,P,synonymous SNV
AB836743.1,NC_004906.1_NS,NS1,293,C,T,278,snp,NS1,89,Y,Y,synonymous SNV
AB836743.1,NC_004906.1_NS,NS1,302,A,C,287,snp,NS1,92,E,D,nonsynonymous SNV
AB836743.1,NC_004906.1_NS,NS1,314,G,A,299,snp,NS1,96,E,E,synonymous SNV
AB836743.1,NC_004906.1_NS,NS1,326,G,A,311,snp,NS1,100,R,R,synonymous SNV
AB836743.1,NC_004906.1_NS,NS1,344,T,A,329,snp,NS1,106,I,I,synonymous SNV
AB836743.1,NC_004906.1_NS,NS1,350,G,A,335,snp,NS1,108,K,K,synonymous SNV
AB836743.1,NC_004906.1_NS,NS1,389,G,A,374,snp,NS1,121,Q,Q,synonymous SNV
AB836743.1,NC_004906.1_NS,NS1,400,G,A,385,snp,NS1,125,G,D,nonsynonymous SNV
AB836743.1,NC_004906.1_NS,NS1,401,T,C,386,snp,NS1,125,G,D,nonsynonymous SNV
AB836743.1,NC_004906.1_NS,NS1,406,C,A,391,snp,NS1,127,T,N,nonsynonymous SNV
AB836743.1,NC_004906.1_NS,NS1,412,T,C,397,snp,NS1,129,I,T,nonsynonymous SNV
AB836743.1,NC_004906.1_NS,NS1,425,C,T,410,snp,NS1,133,N,N,synonymous SNV
AB836743.1,NC_004906.1_NS,NS1,428,T,C,413,snp,NS1,134,F,F,synonymous SNV
AB836743.1,NC_004906.1_NS,NS1,440,T,C,425,snp,NS1,138,F,F,synonymous SNV
AB836743.1,NC_004906.1_NS,NS1,449,T,G,434,snp,NS1,141,L,L,synonymous SNV
AB836743.1,NC_004906.1_NS,NS1,455,T,C,440,snp,NS1,143,A,A,synonymous SNV
AB836743.1,NC_004906.1_NS,NS1,458,G,A,443,snp,NS1,144,L,L,synonymous SNV
AB836743.1,NC_004906.1_NS,NS1,473,G,T,458,snp,NS1,149,A,A,synonymous SNV
AB836743.1,NC_004906.1_NS,NS1,479,A,G,464,snp,NS1,151,T,T,synonymous SNV
AB836743.1,NC_004906.1_NS,NS1,521,C,T,506,snp,NS1,165,S,S,synonymous SNV
AB836743.1,NC_004906.1_NS,NS1,562,G,A,547,snp,NS1,179,G,E,nonsynonymous SNV
AB836743.1,NC_004906.1_NS,NS1,644,T,C,629,snp,NS1,206,S,S,synonymous SNV
AB836743.1,NC_004906.1_NS,NS1,677,A,G,662,snp,NS1,217,K,K,synonymous SNV
AB836743.1,NC_004906.1_NS,NS2,53,T,C,38,snp,NS2,9,F,F,synonymous SNV
AB836743.1,NC_004906.1_NS,NS2,540,G,A,525,snp,NS2,14,T,T,synonymous SNV
AB836743.1,NC_004906.1_NS,NS2,552,A,G,537,snp,NS2,18,K,K,synonymous SNV
AB836743.1,NC_004906.1_NS,NS2,579,C,T,564,snp,NS2,27,D,D,synonymous SNV
AB836743.1,NC_004906.1_NS,NS2,630,A,G,615,snp,NS2,44,S,S,synonymous SNV
AB836743.1,NC_004906.1_NS,NS2,644,T,C,629,snp,NS2,49,V,A,nonsynonymous SNV
AB836743.1,NC_004906.1_NS,NS2,660,T,C,645,snp,NS2,54,D,D,synonymous SNV
AB836743.1,NC_004906.1_NS,NS2,669,C,T,654,snp,NS2,57,S,S,synonymous SNV
AB836743.1,NC_004906.1_NS,NS2,677,A,G,662,snp,NS2,60,N,S,nonsynonymous SNV
AB836743.1,NC_004906.1_NS,NS2,678,C,T,663,snp,NS2,60,N,S,nonsynonymous SNV
AB836743.1,NC_004906.1_NS,NS2,681,A,G,666,snp,NS2,61,R,R,synonymous SNV
AB836743.1,NC_004906.1_NS,NS2,687,A,G,672,snp,NS2,63,G,G,synonymous SNV
AB836743.1,NC_004906.1_NS,NS2,690,G,A,675,snp,NS2,64,K,K,synonymous SNV
AB836743.1,NC_004906.1_NS,NS2,705,G,A,690,snp,NS2,69,L,L,synonymous SNV
AB836743.1,NC_004906.1_NS,NS2,717,T,C,702,snp,NS2,73,F,F,synonymous SNV
AB836743.1,NC_004906.1_NS,NS2,723,G,A,708,snp,NS2,75,E,E,synonymous SNV
AB836743.1,NC_004906.1_NS,NS2,735,A,G,720,snp,NS2,79,L,L,synonymous SNV
AB836743.1,NC_004906.1_NS,NS2,747,G,A,732,snp,NS2,83,M,I,nonsynonymous SNV
AB836743.1,NC_004906.1_NS,NS2,761,G,A,746,snp,NS2,88,R,K,nonsynonymous SNV
AB836743.1,NC_004906.1_NS,NS2,762,A,G,747,snp,NS2,88,R,K,nonsynonymous SNV
AB836743.1,NC_004906.1_NS,NS2,783,G,A,768,snp,NS2,95,E,E,synonymous SNV
AB836743.1,NC_004906.1_NS,NS2,792,C,T,777,snp,NS2,98,T,T,synonymous SNV
AB836743.1,NC_004906.1_NS,NS2,62,C,T,47,snp,,,,,
AB836743.1,NC_004906.1_NS,NS2,89,A,G,74,snp,,,,,
AB836743.1,NC_004906.1_NS,NS2,122,C,T,107,snp,,,,,
AB836743.1,NC_004906.1_NS,NS2,125,T,A,110,snp,,,,,
AB836743.1,NC_004906.1_NS,NS2,155,A,G,140,snp,,,,,
AB836743.1,NC_004906.1_NS,NS2,165,G,A,150,snp,,,,,
AB836743.1,NC_004906.1_NS,NS2,194,T,C,179,snp,,,,,
AB836743.1,NC_004906.1_NS,NS2,197,C,A,182,snp,,,,,
AB836743.1,NC_004906.1_NS,NS2,206,A,C,191,snp,,,,,
AB836743.1,NC_004906.1_NS,NS2,227,G,A,212,snp,,,,,
AB836743.1,NC_004906.1_NS,NS2,231,C,T,216,snp,,,,,
AB836743.1,NC_004906.1_NS,NS2,242,A,G,227,snp,,,,,
AB836743.1,NC_004906.1_NS,NS2,245,T,A,230,snp,,,,,
AB836743.1,NC_004906.1_NS,NS2,251,G,A,236,snp,,,,,
AB836743.1,NC_004906.1_NS,NS2,255,C,T,240,snp,,,,,
AB836743.1,NC_004906.1_NS,NS2,269,C,T,254,snp,,,,,
AB836743.1,NC_004906.1_NS,NS2,281,T,A,266,snp,,,,,
AB836743.1,NC_004906.1_NS,NS2,285,T,C,270,snp,,,,,
AB836743.1,NC_004906.1_NS,NS2,293,C,T,278,snp,,,,,
AB836743.1,NC_004906.1_NS,NS2,302,A,C,287,snp,,,,,
AB836743.1,NC_004906.1_NS,NS2,314,G,A,299,snp,,,,,
AB836743.1,NC_004906.1_NS,NS2,326,G,A,311,snp,,,,,
AB836743.1,NC_004906.1_NS,NS2,344,T,A,329,snp,,,,,
AB836743.1,NC_004906.1_NS,NS2,350,G,A,335,snp,,,,,
AB836743.1,NC_004906.1_NS,NS2,366,C,T,351,snp,,,,,
AB836743.1,NC_004906.1_NS,NS2,389,G,A,374,snp,,,,,
AB836743.1,NC_004906.1_NS,NS2,393,G,A,378,snp,,,,,
AB836743.1,NC_004906.1_NS,NS2,396,A,G,381,snp,,,,,
AB836743.1,NC_004906.1_NS,NS2,400,G,A,385,snp,,,,,
AB836743.1,NC_004906.1_NS,NS2,401,T,C,386,snp,,,,,
AB836743.1,NC_004906.1_NS,NS2,406,C,A,391,snp,,,,,
AB836743.1,NC_004906.1_NS,NS2,412,T,C,397,snp,,,,,
AB836743.1,NC_004906.1_NS,NS2,425,C,T,410,snp,,,,,
AB836743.1,NC_004906.1_NS,NS2,428,T,C,413,snp,,,,,
AB836743.1,NC_004906.1_NS,NS2,440,T,C,425,snp,,,,,
AB836743.1,NC_004906.1_NS,NS2,449,T,G,434,snp,,,,,
AB836743.1,NC_004906.1_NS,NS2,455,T,C,440,snp,,,,,
AB836743.1,NC_004906.1_NS,NS2,458,G,A,443,snp,,,,,
AB836743.1,NC_004906.1_NS,NS2,473,G,T,458,snp,,,,,
AB836743.1,NC_004906.1_NS,NS2,479,A,G,464,snp,,,,,
AB836743.1,NC_004906.1_NS,NS2,521,C,T,506,snp,,,,,
AB836742.1,NC_004907.1_MP,M1,77,C,T,55,snp,M1,15,I,I,synonymous SNV
AB836742.1,NC_004907.1_MP,M1,149,T,C,127,snp,M1,39,L,L,synonymous SNV
AB836742.1,NC_004907.1_MP,M1,266,A,G,244,snp,M1,78,R,R,synonymous SNV
AB836742.1,NC_004907.1_MP,M1,278,T,C,256,snp,M1,82,N,N,synonymous SNV
AB836742.1,NC_004907.1_MP,M1,316,G,A,294,snp,M1,95,R,K,nonsynonymous SNV
AB836742.1,NC_004907.1_MP,M1,323,T,C,301,snp,M1,97,V,V,synonymous SNV
AB836742.1,NC_004907.1_MP,M1,359,C,T,337,snp,M1,109,F,F,synonymous SNV
AB836742.1,NC_004907.1_MP,M1,371,G,A,349,snp,M1,113,K,K,synonymous SNV
AB836742.1,NC_004907.1_MP,M1,410,T,C,388,snp,M1,126,S,S,synonymous SNV
AB836742.1,NC_004907.1_MP,M1,446,G,A,424,snp,M1,138,V,V,synonymous SNV
AB836742.1,NC_004907.1_MP,M1,449,C,A,427,snp,M1,139,T,T,synonymous SNV
AB836742.1,NC_004907.1_MP,M1,457,T,G,435,snp,M1,142,V,G,nonsynonymous SNV
AB836742.1,NC_004907.1_MP,M1,464,T,C,442,snp,M1,144,L,L,synonymous SNV
AB836742.1,NC_004907.1_MP,M1,467,C,A,445,snp,M1,145,G,G,synonymous SNV
AB836742.1,NC_004907.1_MP,M1,488,A,G,466,snp,M1,152,E,E,synonymous SNV
AB836742.1,NC_004907.1_MP,M1,500,T,C,478,snp,M1,156,D,D,synonymous SNV
AB836742.1,NC_004907.1_MP,M1,503,C,A,481,snp,M1,157,A,A,synonymous SNV
AB836742.1,NC_004907.1_MP,M1,536,C,T,514,snp,M1,168,T,T,synonymous SNV
AB836742.1,NC_004907.1_MP,M1,542,C,T,520,snp,M1,170,N,N,synonymous SNV
AB836742.1,NC_004907.1_MP,M1,551,C,T,529,snp,M1,173,I,I,synonymous SNV
AB836742.1,NC_004907.1_MP,M1,563,C,T,541,snp,M1,177,N,N,synonymous SNV
AB836742.1,NC_004907.1_MP,M1,572,A,G,550,snp,M1,180,V,V,synonymous SNV
AB836742.1,NC_004907.1_MP,M1,584,T,C,562,snp,M1,184,T,T,synonymous SNV
AB836742.1,NC_004907.1_MP,M1,596,C,T,574,snp,M1,188,A,A,synonymous SNV
AB836742.1,NC_004907.1_MP,M1,623,G,A,601,snp,M1,197,E,E,synonymous SNV
AB836742.1,NC_004907.1_MP,M1,632,A,G,610,snp,M1,200,A,A,synonymous SNV
AB836742.1,NC_004907.1_MP,M1,689,T,C,667,snp,M1,219,I,I,synonymous SNV
AB836742.1,NC_004907.1_MP,M1,703,G,A,681,snp,M1,224,S,N,nonsynonymous SNV
AB836742.1,NC_004907.1_MP,M1,704,T,C,682,snp,M1,224,S,N,nonsynonymous SNV
AB836742.1,NC_004907.1_MP,M1,710,T,C,688,snp,M1,226,S,S,synonymous SNV
AB836742.1,NC_004907.1_MP,M1,749,T,C,727,snp,M1,239,A,A,synonymous SNV
AB836742.1,NC_004907.1_MP,M1,758,A,C,736,snp,M1,242,K,N,nonsynonymous SNV
AB836742.1,NC_004907.1_MP,M1,767,A,T,745,snp,M1,245,G,G,synonymous SNV
AB836742.1,NC_004907.1_MP,M1,782,A,G,760,snp,M1,250,R,R,synonymous SNV
AB836742.1,NC_004907.1_MP,M2,749,T,C,727,snp,M2,10,L,P,nonsynonymous SNV
AB836742.1,NC_004907.1_MP,M2,758,A,C,736,snp,M2,13,N,T,nonsynonymous SNV
AB836742.1,NC_004907.1_MP,M2,767,A,T,745,snp,M2,16,E,V,nonsynonymous SNV
AB836742.1,NC_004907.1_MP,M2,774,A,C,752,snp,M2,18,K,N,nonsynonymous SNV
AB836742.1,NC_004907.1_MP,M2,780,A,C,758,snp,M2,20,R,S,nonsynonymous SNV
AB836742.1,NC_004907.1_MP,M2,782,A,G,760,snp,M2,21,D,G,nonsynonymous SNV
AB836742.1,NC_004907.1_MP,M2,812,G,A,790,snp,M2,31,S,N,nonsynonymous SNV
AB836742.1,NC_004907.1_MP,M2,813,T,C,791,snp,M2,31,S,N,nonsynonymous SNV
AB836742.1,NC_004907.1_MP,M2,816,C,T,794,snp,M2,32,I,I,synonymous SNV
AB836742.1,NC_004907.1_MP,M2,822,G,A,800,snp,M2,34,G,G,synonymous SNV
AB836742.1,NC_004907.1_MP,M2,869,G,A,847,snp,M2,50,C,Y,nonsynonymous SNV
AB836742.1,NC_004907.1_MP,M2,77,C,T,55,snp,,,,,
AB836742.1,NC_004907.1_MP,M2,149,T,C,127,snp,,,,,
AB836742.1,NC_004907.1_MP,M2,168,C,A,146,snp,,,,,
AB836742.1,NC_004907.1_MP,M2,266,A,G,244,snp,,,,,
AB836742.1,NC_004907.1_MP,M2,278,T,C,256,snp,,,,,
AB836742.1,NC_004907.1_MP,M2,316,G,A,294,snp,,,,,
AB836742.1,NC_004907.1_MP,M2,323,T,C,301,snp,,,,,
AB836742.1,NC_004907.1_MP,M2,327,C,T,305,snp,,,,,
AB836742.1,NC_004907.1_MP,M2,359,C,T,337,snp,,,,,
AB836742.1,NC_004907.1_MP,M2,371,G,A,349,snp,,,,,
AB836742.1,NC_004907.1_MP,M2,410,T,C,388,snp,,,,,
AB836742.1,NC_004907.1_MP,M2,432,C,A,410,snp,,,,,
AB836742.1,NC_004907.1_MP,M2,446,G,A,424,snp,,,,,
AB836742.1,NC_004907.1_MP,M2,449,C,A,427,snp,,,,,
AB836742.1,NC_004907.1_MP,M2,450,A,G,428,snp,,,,,
AB836742.1,NC_004907.1_MP,M2,457,T,G,435,snp,,,,,
AB836742.1,NC_004907.1_MP,M2,464,T,C,442,snp,,,,,
AB836742.1,NC_004907.1_MP,M2,467,C,A,445,snp,,,,,
AB836742.1,NC_004907.1_MP,M2,488,A,G,466,snp,,,,,
AB836742.1,NC_004907.1_MP,M2,500,T,C,478,snp,,,,,
AB836742.1,NC_004907.1_MP,M2,503,C,A,481,snp,,,,,
AB836742.1,NC_004907.1_MP,M2,536,C,T,514,snp,,,,,
AB836742.1,NC_004907.1_MP,M2,542,C,T,520,snp,,,,,
AB836742.1,NC_004907.1_MP,M2,551,C,T,529,snp,,,,,
AB836742.1,NC_004907.1_MP,M2,563,C,T,541,snp,,,,,
AB836742.1,NC_004907.1_MP,M2,572,A,G,550,snp,,,,,
AB836742.1,NC_004907.1_MP,M2,584,T,C,562,snp,,,,,
AB836742.1,NC_004907.1_MP,M2,596,C,T,574,snp,,,,,
AB836742.1,NC_004907.1_MP,M2,623,G,A,601,snp,,,,,
AB836742.1,NC_004907.1_MP,M2,632,A,G,610,snp,,,,,
AB836742.1,NC_004907.1_MP,M2,687,A,G,665,snp,,,,,
AB836742.1,NC_004907.1_MP,M2,689,T,C,667,snp,,,,,
AB836742.1,NC_004907.1_MP,M2,703,G,A,681,snp,,,,,
AB836742.1,NC_004907.1_MP,M2,704,T,C,682,snp,,,,,
AB836742.1,NC_004907.1_MP,M2,710,T,C,688,snp,,,,,
AB836742.1,NC_004907.1_MP,M2,711,G,A,689,snp,,,,,
AB836739.1,NC_004908.1_HA,HA,42,T,C,33,snp,HA,4,I,T,nonsynonymous SNV
AB836739.1,NC_004908.1_HA,HA,66,T,C,57,snp,HA,12,V,A,nonsynonymous SNV
AB836739.1,NC_004908.1_HA,HA,75,C,G,66,snp,HA,15,A,G,nonsynonymous SNV
AB836739.1,NC_004908.1_HA,HA,85,A,G,76,snp,HA,18,A,A,synonymous SNV
AB836739.1,NC_004908.1_HA,HA,88,T,C,79,snp,HA,19,D,D,synonymous SNV
AB836739.1,NC_004908.1_HA,HA,100,C,T,91,snp,HA,23,I,I,synonymous SNV
AB836739.1,NC_004908.1_HA,HA,109,G,A,100,snp,HA,26,Q,Q,synonymous SNV
AB836739.1,NC_004908.1_HA,HA,124,A,G,115,snp,HA,31,T,T,synonymous SNV
AB836739.1,NC_004908.1_HA,HA,133,G,A,124,snp,HA,34,V,V,synonymous SNV
AB836739.1,NC_004908.1_HA,HA,145,A,C,136,snp,HA,38,T,T,synonymous SNV
AB836739.1,NC_004908.1_HA,HA,150,C,A,141,snp,HA,40,T,N,nonsynonymous SNV
AB836739.1,NC_004908.1_HA,HA,172,C,T,163,snp,HA,47,A,A,synonymous SNV
AB836739.1,NC_004908.1_HA,HA,184,C,T,175,snp,HA,51,L,L,synonymous SNV
AB836739.1,NC_004908.1_HA,HA,196,T,C,187,snp,HA,55,H,H,synonymous SNV
AB836739.1,NC_004908.1_HA,HA,202,A,G,193,snp,HA,57,G,G,synonymous SNV
AB836739.1,NC_004908.1_HA,HA,208,G,A,199,snp,HA,59,L,L,synonymous SNV
AB836739.1,NC_004908.1_HA,HA,219,G,A,210,snp,HA,63,S,N,nonsynonymous SNV
AB836739.1,NC_004908.1_HA,HA,226,A,G,217,snp,HA,65,G,G,synonymous SNV
AB836739.1,NC_004908.1_HA,HA,228,A,G,219,snp,HA,66,H,R,nonsynonymous SNV
AB836739.1,NC_004908.1_HA,HA,232,C,T,223,snp,HA,67,P,P,synonymous SNV
AB836739.1,NC_004908.1_HA,HA,235,C,T,226,snp,HA,68,L,L,synonymous SNV
AB836739.1,NC_004908.1_HA,HA,247,A,C,238,snp,HA,72,T,T,synonymous SNV
AB836739.1,NC_004908.1_HA,HA,250,C,T,241,snp,HA,73,C,C,synonymous SNV
AB836739.1,NC_004908.1_HA,HA,253,T,C,244,snp,HA,74,T,T,synonymous SNV
AB836739.1,NC_004908.1_HA,HA,289,C,T,280,snp,HA,86,D,D,synonymous SNV
AB836739.1,NC_004908.1_HA,HA,292,G,A,283,snp,HA,87,L,L,synonymous SNV
AB836739.1,NC_004908.1_HA,HA,294,T,C,285,snp,HA,88,L,P,nonsynonymous SNV
AB836739.1,NC_004908.1_HA,HA,300,G,A,291,snp,HA,90,G,E,nonsynonymous SNV
AB836739.1,NC_004908.1_HA,HA,304,A,G,295,snp,HA,91,G,G,synonymous SNV
AB836739.1,NC_004908.1_HA,HA,310,A,G,301,snp,HA,93,E,E,synonymous SNV
AB836739.1,NC_004908.1_HA,HA,322,C,T,313,snp,HA,97,I,I,synonymous SNV
AB836739.1,NC_004908.1_HA,HA,343,A,T,334,snp,HA,104,V,V,synonymous SNV
AB836739.1,NC_004908.1_HA,HA,351,C,T,342,snp,HA,107,T,M,nonsynonymous SNV
AB836739.1,NC_004908.1_HA,HA,361,T,C,352,snp,HA,110,P,P,synonymous SNV
AB836739.1,NC_004908.1_HA,HA,364,G,A,355,snp,HA,111,G,G,synonymous SNV
AB836739.1,NC_004908.1_HA,HA,379,A,G,370,snp,HA,116,L,L,synonymous SNV
AB836739.1,NC_004908.1_HA,HA,382,G,A,373,snp,HA,117,E,E,synonymous SNV
AB836739.1,NC_004908.1_HA,HA,388,C,A,379,snp,HA,119,L,L,synonymous SNV
AB836739.1,NC_004908.1_HA,HA,409,T,C,400,snp,HA,126,A,A,synonymous SNV
AB836739.1,NC_004908.1_HA,HA,415,C,T,406,snp,HA,128,S,S,synonymous SNV
AB836739.1,NC_004908.1_HA,HA,430,A,G,421,snp,HA,133,Q,Q,synonymous SNV
AB836739.1,NC_004908.1_HA,HA,436,C,T,427,snp,HA,135,F,F,synonymous SNV
AB836739.1,NC_004908.1_HA,HA,442,C,T,433,snp,HA,137,D,D,synonymous SNV
AB836739.1,NC_004908.1_HA,HA,447,C,T,438,snp,HA,139,T,I,nonsynonymous SNV
AB836739.1,NC_004908.1_HA,HA,457,G,A,448,snp,HA,142,V,V,synonymous SNV
AB836739.1,NC_004908.1_HA,HA,465,C,G,456,snp,HA,145,T,S,nonsynonymous SNV
AB836739.1,NC_004908.1_HA,HA,477,G,A,468,snp,HA,149,R,K,nonsynonymous SNV
AB836739.1,NC_004908.1_HA,HA,489,G,A,480,snp,HA,153,G,D,nonsynonymous SNV
AB836739.1,NC_004908.1_HA,HA,502,G,A,493,snp,HA,157,R,R,synonymous SNV
AB836739.1,NC_004908.1_HA,HA,505,T,C,496,snp,HA,158,S,S,synonymous SNV
AB836739.1,NC_004908.1_HA,HA,511,A,G,502,snp,HA,160,R,R,synonymous SNV
AB836739.1,NC_004908.1_HA,HA,528,G,A,519,snp,HA,166,S,N,nonsynonymous SNV
AB836739.1,NC_004908.1_HA,HA,531,G,A,522,snp,HA,167,G,D,nonsynonymous SNV
AB836739.1,NC_004908.1_HA,HA,532,T,C,523,snp,HA,167,G,D,nonsynonymous SNV
AB836739.1,NC_004908.1_HA,HA,534,T,A,525,snp,HA,168,F,Y,nonsynonymous SNV
AB836739.1,NC_004908.1_HA,HA,568,C,T,559,snp,HA,179,N,N,synonymous SNV
AB836739.1,NC_004908.1_HA,HA,579,G,A,570,snp,HA,183,S,N,nonsynonymous SNV
AB836739.1,NC_004908.1_HA,HA,583,T,C,574,snp,HA,184,I,I,synonymous SNV
AB836739.1,NC_004908.1_HA,HA,616,C,T,607,snp,HA,195,T,T,synonymous SNV
AB836739.1,NC_004908.1_HA,HA,622,C,T,613,snp,HA,197,T,T,synonymous SNV
AB836739.1,NC_004908.1_HA,HA,624,A,C,615,snp,HA,198,E,A,nonsynonymous SNV
AB836739.1,NC_004908.1_HA,HA,625,G,A,616,snp,HA,198,E,A,nonsynonymous SNV
AB836739.1,NC_004908.1_HA,HA,642,T,C,633,snp,HA,204,I,T,nonsynonymous SNV
AB836739.1,NC_004908.1_HA,HA,646,A,G,637,snp,HA,205,R,R,synonymous SNV
AB836739.1,NC_004908.1_HA,HA,648,A,C,639,snp,HA,206,N,T,nonsynonymous SNV
AB836739.1,NC_004908.1_HA,HA,649,C,T,640,snp,HA,206,N,T,nonsynonymous SNV
AB836739.1,NC_004908.1_HA,HA,664,C,T,655,snp,HA,211,S,S,synonymous SNV
AB836739.1,NC_004908.1_HA,HA,670,A,G,661,snp,HA,213,T,T,synonymous SNV
AB836739.1,NC_004908.1_HA,HA,673,A,G,664,snp,HA,214,T,T,synonymous SNV
AB836739.1,NC_004908.1_HA,HA,679,T,C,670,snp,HA,216,D,D,synonymous SNV
AB836739.1,NC_004908.1_HA,HA,682,G,A,673,snp,HA,217,L,L,synonymous SNV
AB836739.1,NC_004908.1_HA,HA,703,G,A,694,snp,HA,224,V,V,synonymous SNV
AB836739.1,NC_004908.1_HA,HA,718,C,T,709,snp,HA,229,P,P,synonymous SNV
AB836739.1,NC_004908.1_HA,HA,733,G,A,724,snp,HA,234,L,L,synonymous SNV
AB836739.1,NC_004908.1_HA,HA,736,G,A,727,snp,HA,235,Q,Q,synonymous SNV
AB836739.1,NC_004908.1_HA,HA,742,A,G,733,snp,HA,237,R,R,synonymous SNV
AB836739.1,NC_004908.1_HA,HA,763,A,G,754,snp,HA,244,V,V,synonymous SNV
AB836739.1,NC_004908.1_HA,HA,775,C,T,766,snp,HA,248,G,G,synonymous SNV
AB836739.1,NC_004908.1_HA,HA,778,A,G,769,snp,HA,249,Q,Q,synonymous SNV
AB836739.1,NC_004908.1_HA,HA,799,T,C,790,snp,HA,256,N,N,synonymous SNV
AB836739.1,NC_004908.1_HA,HA,811,T,C,802,snp,HA,260,I,I,synonymous SNV
AB836739.1,NC_004908.1_HA,HA,835,T,C,826,snp,HA,268,L,L,synonymous SNV
AB836739.1,NC_004908.1_HA,HA,837,C,T,828,snp,HA,269,S,L,nonsynonymous SNV
AB836739.1,NC_004908.1_HA,HA,841,A,G,832,snp,HA,270,G,G,synonymous SNV
AB836739.1,NC_004908.1_HA,HA,843,G,A,834,snp,HA,271,G,E,nonsynonymous SNV
AB836739.1,NC_004908.1_HA,HA,847,C,T,838,snp,HA,272,S,S,synonymous SNV
AB836739.1,NC_004908.1_HA,HA,850,T,C,841,snp,HA,273,H,H,synonymous SNV
AB836739.1,NC_004908.1_HA,HA,865,G,A,856,snp,HA,278,K,K,synonymous SNV
AB836739.1,NC_004908.1_HA,HA,868,T,G,859,snp,HA,279,T,T,synonymous SNV
AB836739.1,NC_004908.1_HA,HA,874,A,G,865,snp,HA,281,L,L,synonymous SNV
AB836739.1,NC_004908.1_HA,HA,877,A,G,868,snp,HA,282,K,K,synonymous SNV
AB836739.1,NC_004908.1_HA,HA,886,T,C,877,snp,HA,285,N,N,synonymous SNV
AB836739.1,NC_004908.1_HA,HA,904,G,A,895,snp,HA,291,Q,Q,synonymous SNV
AB836739.1,NC_004908.1_HA,HA,907,T,A,898,snp,HA,292,T,T,synonymous SNV
AB836739.1,NC_004908.1_HA,HA,912,A,G,903,snp,HA,294,K,R,nonsynonymous SNV
AB836739.1,NC_004908.1_HA,HA,919,C,T,910,snp,HA,296,G,G,synonymous SNV
AB836739.1,NC_004908.1_HA,HA,922,A,G,913,snp,HA,297,L,L,synonymous SNV
AB836739.1,NC_004908.1_HA,HA,927,G,C,918,snp,HA,299,S,T,nonsynonymous SNV
AB836739.1,NC_004908.1_HA,HA,940,C,T,931,snp,HA,303,F,F,synonymous SNV
AB836739.1,NC_004908.1_HA,HA,946,T,C,937,snp,HA,305,N,N,synonymous SNV
AB836739.1,NC_004908.1_HA,HA,949,C,G,940,snp,HA,306,I,M,nonsynonymous SNV
AB836739.1,NC_004908.1_HA,HA,952,T,C,943,snp,HA,307,S,S,synonymous SNV
AB836739.1,NC_004908.1_HA,HA,955,A,G,946,snp,HA,308,K,K,synonymous SNV
AB836739.1,NC_004908.1_HA,HA,958,T,C,949,snp,HA,309,Y,Y,synonymous SNV
AB836739.1,NC_004908.1_HA,HA,964,T,C,955,snp,HA,311,F,F,synonymous SNV
AB836739.1,NC_004908.1_HA,HA,969,C,A,960,snp,HA,313,T,N,nonsynonymous SNV
AB836739.1,NC_004908.1_HA,HA,970,C,T,961,snp,HA,313,T,N,nonsynonymous SNV
AB836739.1,NC_004908.1_HA,HA,976,C,A,967,snp,HA,315,P,P,synonymous SNV
AB836739.1,NC_004908.1_HA,HA,979,A,G,970,snp,HA,316,K,K,synonymous SNV
AB836739.1,NC_004908.1_HA,HA,985,A,T,976,snp,HA,318,V,V,synonymous SNV
AB836739.1,NC_004908.1_HA,HA,991,T,A,982,snp,HA,320,V,V,synonymous SNV
AB836739.1,NC_004908.1_HA,HA,994,T,G,985,snp,HA,321,N,K,nonsynonymous SNV
AB836739.1,NC_004908.1_HA,HA,1018,G,A,1009,snp,HA,329,L,L,synonymous SNV
AB836739.1,NC_004908.1_HA,HA,1024,C,T,1015,snp,HA,331,N,N,synonymous SNV
AB836739.1,NC_004908.1_HA,HA,1069,A,T,1060,snp,HA,346,G,G,synonymous SNV
AB836739.1,NC_004908.1_HA,HA,1078,A,G,1069,snp,HA,349,E,E,synonymous SNV
AB836739.1,NC_004908.1_HA,HA,1093,A,G,1084,snp,HA,354,G,G,synonymous SNV
AB836739.1,NC_004908.1_HA,HA,1099,C,T,1090,snp,HA,356,V,V,synonymous SNV
AB836739.1,NC_004908.1_HA,HA,1105,C,T,1096,snp,HA,358,G,G,synonymous SNV
AB836739.1,NC_004908.1_HA,HA,1114,T,G,1105,snp,HA,361,G,G,synonymous SNV
AB836739.1,NC_004908.1_HA,HA,1138,G,A,1129,snp,HA,369,G,G,synonymous SNV
AB836739.1,NC_004908.1_HA,HA,1140,T,C,1131,snp,HA,370,V,A,nonsynonymous SNV
AB836739.1,NC_004908.1_HA,HA,1141,T,C,1132,snp,HA,370,V,A,nonsynonymous SNV
AB836739.1,NC_004908.1_HA,HA,1144,T,A,1135,snp,HA,371,G,G,synonymous SNV
AB836739.1,NC_004908.1_HA,HA,1159,G,A,1150,snp,HA,376,R,R,synonymous SNV
AB836739.1,NC_004908.1_HA,HA,1162,T,C,1153,snp,HA,377,D,D,synonymous SNV
AB836739.1,NC_004908.1_HA,HA,1183,T,C,1174,snp,HA,384,D,D,synonymous SNV
AB836739.1,NC_004908.1_HA,HA,1192,A,G,1183,snp,HA,387,T,T,synonymous SNV
AB836739.1,NC_004908.1_HA,HA,1198,G,A,1189,snp,HA,389,K,K,synonymous SNV
AB836739.1,NC_004908.1_HA,HA,1201,G,A,1192,snp,HA,390,V,V,synonymous SNV
AB836739.1,NC_004908.1_HA,HA,1219,G,A,1210,snp,HA,396,K,K,synonymous SNV
AB836739.1,NC_004908.1_HA,HA,1228,G,A,1219,snp,HA,399,K,K,synonymous SNV
AB836739.1,NC_004908.1_HA,HA,1231,A,G,1222,snp,HA,400,Q,Q,synonymous SNV
AB836739.1,NC_004908.1_HA,HA,1237,A,G,1228,snp,HA,402,E,E,synonymous SNV
AB836739.1,NC_004908.1_HA,HA,1240,A,T,1231,snp,HA,403,I,I,synonymous SNV
AB836739.1,NC_004908.1_HA,HA,1246,T,C,1237,snp,HA,405,D,D,synonymous SNV
AB836739.1,NC_004908.1_HA,HA,1258,T,C,1249,snp,HA,409,S,S,synonymous SNV
AB836739.1,NC_004908.1_HA,HA,1309,A,T,1300,snp,HA,426,I,I,synonymous SNV
AB836739.1,NC_004908.1_HA,HA,1333,A,T,1324,snp,HA,434,A,A,synonymous SNV
AB836739.1,NC_004908.1_HA,HA,1348,A,G,1339,snp,HA,439,L,L,synonymous SNV
AB836739.1,NC_004908.1_HA,HA,1366,A,T,1357,snp,HA,445,T,T,synonymous SNV
AB836739.1,NC_004908.1_HA,HA,1381,T,C,1372,snp,HA,450,D,D,synonymous SNV
AB836739.1,NC_004908.1_HA,HA,1384,G,A,1375,snp,HA,451,A,A,synonymous SNV
AB836739.1,NC_004908.1_HA,HA,1387,C,T,1378,snp,HA,452,N,N,synonymous SNV
AB836739.1,NC_004908.1_HA,HA,1390,G,A,1381,snp,HA,453,V,V,synonymous SNV
AB836739.1,NC_004908.1_HA,HA,1408,G,A,1399,snp,HA,459,K,K,synonymous SNV
AB836739.1,NC_004908.1_HA,HA,1426,C,T,1417,snp,HA,465,G,G,synonymous SNV
AB836739.1,NC_004908.1_HA,HA,1435,T,A,1426,snp,HA,468,A,A,synonymous SNV
AB836739.1,NC_004908.1_HA,HA,1453,C,A,1444,snp,HA,474,G,G,synonymous SNV
AB836739.1,NC_004908.1_HA,HA,1456,T,C,1447,snp,HA,475,C,C,synonymous SNV
AB836739.1,NC_004908.1_HA,HA,1462,G,T,1453,snp,HA,477,E,D,nonsynonymous SNV
AB836739.1,NC_004908.1_HA,HA,1477,T,C,1468,snp,HA,482,C,C,synonymous SNV
AB836739.1,NC_004908.1_HA,HA,1483,T,C,1474,snp,HA,484,D,D,synonymous SNV
AB836739.1,NC_004908.1_HA,HA,1495,A,G,1486,snp,HA,488,E,E,synonymous SNV
AB836739.1,NC_004908.1_HA,HA,1504,G,A,1495,snp,HA,491,R,R,synonymous SNV
AB836739.1,NC_004908.1_HA,HA,1519,T,C,1510,snp,HA,496,N,N,synonymous SNV
AB836739.1,NC_004908.1_HA,HA,1522,G,A,1513,snp,HA,497,R,R,synonymous SNV
AB836739.1,NC_004908.1_HA,HA,1533,G,A,1524,snp,HA,501,R,K,nonsynonymous SNV
AB836739.1,NC_004908.1_HA,HA,1534,A,G,1525,snp,HA,501,R,K,nonsynonymous SNV
AB836739.1,NC_004908.1_HA,HA,1552,A,G,1543,snp,HA,507,E,E,synonymous SNV
AB836739.1,NC_004908.1_HA,HA,1555,G,A,1546,snp,HA,508,R,R,synonymous SNV
AB836739.1,NC_004908.1_HA,HA,1573,T,C,1564,snp,HA,514,V,V,synonymous SNV
AB836739.1,NC_004908.1_HA,HA,1576,G,A,1567,snp,HA,515,K,K,synonymous SNV
AB836739.1,NC_004908.1_HA,HA,1588,G,A,1579,snp,HA,519,E,E,synonymous SNV
AB836739.1,NC_004908.1_HA,HA,1594,T,C,1585,snp,HA,521,T,T,synonymous SNV
AB836739.1,NC_004908.1_HA,HA,1639,G,T,1630,snp,HA,536,V,V,synonymous SNV
AB836739.1,NC_004908.1_HA,HA,1654,T,C,1645,snp,HA,541,F,F,synonymous SNV
AB836739.1,NC_004908.1_HA,HA,1681,C,T,1672,snp,HA,550,S,S,synonymous SNV
AB836739.1,NC_004908.1_HA,HA,36,-,AGC,,insertion,HA,2,-,S,insertion
AB836736.1,NC_004910.1_PB2,PB2,63,G,A,49,snp,PB2,12,S,S,synonymous SNV
AB836736.1,NC_004910.1_PB2,PB2,66,A,G,52,snp,PB2,13,Q,Q,synonymous SNV
AB836736.1,NC_004910.1_PB2,PB2,75,T,C,61,snp,PB2,16,T,T,synonymous SNV
AB836736.1,NC_004910.1_PB2,PB2,96,C,A,82,snp,PB2,23,T,T,synonymous SNV
AB836736.1,NC_004910.1_PB2,PB2,102,G,A,88,snp,PB2,25,V,V,synonymous SNV
AB836736.1,NC_004910.1_PB2,PB2,105,T,C,91,snp,PB2,26,D,D,synonymous SNV
AB836736.1,NC_004910.1_PB2,PB2,120,T,C,106,snp,PB2,31,I,I,synonymous SNV
AB836736.1,NC_004910.1_PB2,PB2,126,G,A,112,snp,PB2,33,K,K,synonymous SNV
AB836736.1,NC_004910.1_PB2,PB2,129,C,T,115,snp,PB2,34,Y,Y,synonymous SNV
AB836736.1,NC_004910.1_PB2,PB2,156,C,T,142,snp,PB2,43,P,P,synonymous SNV
AB836736.1,NC_004910.1_PB2,PB2,159,T,C,145,snp,PB2,44,A,A,synonymous SNV
AB836736.1,NC_004910.1_PB2,PB2,171,A,G,157,snp,PB2,48,K,K,synonymous SNV
AB836736.1,NC_004910.1_PB2,PB2,195,G,A,181,snp,PB2,56,P,P,synonymous SNV
AB836736.1,NC_004910.1_PB2,PB2,198,C,T,184,snp,PB2,57,I,I,synonymous SNV
AB836736.1,NC_004910.1_PB2,PB2,204,T,A,190,snp,PB2,59,A,A,synonymous SNV
AB836736.1,NC_004910.1_PB2,PB2,213,A,G,199,snp,PB2,62,R,R,synonymous SNV
AB836736.1,NC_004910.1_PB2,PB2,231,T,G,217,snp,PB2,68,P,P,synonymous SNV
AB836736.1,NC_004910.1_PB2,PB2,237,G,A,223,snp,PB2,70,R,R,synonymous SNV
AB836736.1,NC_004910.1_PB2,PB2,249,C,T,235,snp,PB2,74,G,G,synonymous SNV
AB836736.1,NC_004910.1_PB2,PB2,252,A,G,238,snp,PB2,75,Q,Q,synonymous SNV
AB836736.1,NC_004910.1_PB2,PB2,255,T,C,241,snp,PB2,76,T,T,synonymous SNV
AB836736.1,NC_004910.1_PB2,PB2,267,A,G,253,snp,PB2,80,K,K,synonymous SNV
AB836736.1,NC_004910.1_PB2,PB2,276,C,T,262,snp,PB2,83,D,D,synonymous SNV
AB836736.1,NC_004910.1_PB2,PB2,291,G,A,277,snp,PB2,88,R,R,synonymous SNV
AB836736.1,NC_004910.1_PB2,PB2,294,A,G,280,snp,PB2,89,V,V,synonymous SNV
AB836736.1,NC_004910.1_PB2,PB2,300,A,G,286,snp,PB2,91,V,V,synonymous SNV
AB836736.1,NC_004910.1_PB2,PB2,315,A,G,301,snp,PB2,96,V,V,synonymous SNV
AB836736.1,NC_004910.1_PB2,PB2,336,A,G,322,snp,PB2,103,G,G,synonymous SNV
AB836736.1,NC_004910.1_PB2,PB2,342,A,G,328,snp,PB2,105,T,T,synonymous SNV
AB836736.1,NC_004910.1_PB2,PB2,369,G,C,355,snp,PB2,114,V,V,synonymous SNV
AB836736.1,NC_004910.1_PB2,PB2,378,C,T,364,snp,PB2,117,T,T,synonymous SNV
AB836736.1,NC_004910.1_PB2,PB2,381,C,T,367,snp,PB2,118,Y,Y,synonymous SNV
AB836736.1,NC_004910.1_PB2,PB2,393,T,C,379,snp,PB2,122,V,V,synonymous SNV
AB836736.1,NC_004910.1_PB2,PB2,399,A,G,385,snp,PB2,124,R,R,synonymous SNV
AB836736.1,NC_004910.1_PB2,PB2,408,C,T,394,snp,PB2,127,H,H,synonymous SNV
AB836736.1,NC_004910.1_PB2,PB2,417,T,C,403,snp,PB2,130,F,F,synonymous SNV
AB836736.1,NC_004910.1_PB2,PB2,423,T,C,409,snp,PB2,132,P,P,synonymous SNV
AB836736.1,NC_004910.1_PB2,PB2,429,T,C,415,snp,PB2,134,H,H,synonymous SNV
AB836736.1,NC_004910.1_PB2,PB2,435,G,A,421,snp,PB2,136,R,R,synonymous SNV
AB836736.1,NC_004910.1_PB2,PB2,438,T,C,424,snp,PB2,137,N,N,synonymous SNV
AB836736.1,NC_004910.1_PB2,PB2,441,A,G,427,snp,PB2,138,Q,Q,synonymous SNV
AB836736.1,NC_004910.1_PB2,PB2,444,C,T,430,snp,PB2,139,V,V,synonymous SNV
AB836736.1,NC_004910.1_PB2,PB2,462,T,C,448,snp,PB2,145,V,V,synonymous SNV
AB836736.1,NC_004910.1_PB2,PB2,468,G,A,454,snp,PB2,147,M,I,nonsynonymous SNV
AB836736.1,NC_004910.1_PB2,PB2,474,T,A,460,snp,PB2,149,P,P,synonymous SNV
AB836736.1,NC_004910.1_PB2,PB2,489,C,T,475,snp,PB2,154,L,L,synonymous SNV
AB836736.1,NC_004910.1_PB2,PB2,492,C,T,478,snp,PB2,155,S,S,synonymous SNV
AB836736.1,NC_004910.1_PB2,PB2,528,T,G,514,snp,PB2,167,V,V,synonymous SNV
AB836736.1,NC_004910.1_PB2,PB2,537,T,C,523,snp,PB2,170,N,N,synonymous SNV
AB836736.1,NC_004910.1_PB2,PB2,552,G,A,538,snp,PB2,175,R,R,synonymous SNV
AB836736.1,NC_004910.1_PB2,PB2,558,G,A,544,snp,PB2,177,L,L,synonymous SNV
AB836736.1,NC_004910.1_PB2,PB2,561,A,G,547,snp,PB2,178,T,T,synonymous SNV
AB836736.1,NC_004910.1_PB2,PB2,567,A,G,553,snp,PB2,180,E,E,synonymous SNV
AB836736.1,NC_004910.1_PB2,PB2,576,G,A,562,snp,PB2,183,L,L,synonymous SNV
AB836736.1,NC_004910.1_PB2,PB2,579,A,T,565,snp,PB2,184,T,T,synonymous SNV
AB836736.1,NC_004910.1_PB2,PB2,585,A,C,571,snp,PB2,186,T,T,synonymous SNV
AB836736.1,NC_004910.1_PB2,PB2,596,G,A,582,snp,PB2,190,R,K,nonsynonymous SNV
AB836736.1,NC_004910.1_PB2,PB2,603,A,G,589,snp,PB2,192,E,E,synonymous SNV
AB836736.1,NC_004910.1_PB2,PB2,606,C,T,592,snp,PB2,193,L,L,synonymous SNV
AB836736.1,NC_004910.1_PB2,PB2,612,T,C,598,snp,PB2,195,N,N,synonymous SNV
AB836736.1,NC_004910.1_PB2,PB2,615,T,C,601,snp,PB2,196,C,C,synonymous SNV
AB836736.1,NC_004910.1_PB2,PB2,618,T,A,604,snp,PB2,197,N,K,nonsynonymous SNV
AB836736.1,NC_004910.1_PB2,PB2,624,T,C,610,snp,PB2,199,A,A,synonymous SNV
AB836736.1,NC_004910.1_PB2,PB2,627,T,C,613,snp,PB2,200,P,P,synonymous SNV
AB836736.1,NC_004910.1_PB2,PB2,642,T,C,628,snp,PB2,205,Y,Y,synonymous SNV
AB836736.1,NC_004910.1_PB2,PB2,651,A,G,637,snp,PB2,208,E,E,synonymous SNV
AB836736.1,NC_004910.1_PB2,PB2,669,G,A,655,snp,PB2,214,K,K,synonymous SNV
AB836736.1,NC_004910.1_PB2,PB2,672,C,A,658,snp,PB2,215,T,T,synonymous SNV
AB836736.1,NC_004910.1_PB2,PB2,678,C,T,664,snp,PB2,217,F,F,synonymous SNV
AB836736.1,NC_004910.1_PB2,PB2,684,C,A,670,snp,PB2,219,P,P,synonymous SNV
AB836736.1,NC_004910.1_PB2,PB2,687,G,A,673,snp,PB2,220,V,V,synonymous SNV
AB836736.1,NC_004910.1_PB2,PB2,693,C,A,679,snp,PB2,222,G,G,synonymous SNV
AB836736.1,NC_004910.1_PB2,PB2,705,C,T,691,snp,PB2,226,S,S,synonymous SNV
AB836736.1,NC_004910.1_PB2,PB2,708,A,G,694,snp,PB2,227,V,V,synonymous SNV
AB836736.1,NC_004910.1_PB2,PB2,714,A,C,700,snp,PB2,229,I,I,synonymous SNV
AB836736.1,NC_004910.1_PB2,PB2,720,A,G,706,snp,PB2,231,V,V,synonymous SNV
AB836736.1,NC_004910.1_PB2,PB2,723,G,A,709,snp,PB2,232,L,L,synonymous SNV
AB836736.1,NC_004910.1_PB2,PB2,732,T,C,718,snp,PB2,235,T,T,synonymous SNV
AB836736.1,NC_004910.1_PB2,PB2,741,T,C,727,snp,PB2,238,T,T,synonymous SNV
AB836736.1,NC_004910.1_PB2,PB2,753,G,A,739,snp,PB2,242,Q,Q,synonymous SNV
AB836736.1,NC_004910.1_PB2,PB2,755,T,A,741,snp,PB2,243,M,K,nonsynonymous SNV
AB836736.1,NC_004910.1_PB2,PB2,765,A,G,751,snp,PB2,246,P,P,synonymous SNV
AB836736.1,NC_004910.1_PB2,PB2,774,G,A,760,snp,PB2,249,E,E,synonymous SNV
AB836736.1,NC_004910.1_PB2,PB2,777,A,G,763,snp,PB2,250,V,V,synonymous SNV
AB836736.1,NC_004910.1_PB2,PB2,795,C,T,781,snp,PB2,256,D,D,synonymous SNV
AB836736.1,NC_004910.1_PB2,PB2,798,A,G,784,snp,PB2,257,Q,Q,synonymous SNV
AB836736.1,NC_004910.1_PB2,PB2,807,C,T,793,snp,PB2,260,I,I,synonymous SNV
AB836736.1,NC_004910.1_PB2,PB2,819,G,A,805,snp,PB2,264,R,R,synonymous SNV
AB836736.1,NC_004910.1_PB2,PB2,822,C,T,808,snp,PB2,265,N,N,synonymous SNV
AB836736.1,NC_004910.1_PB2,PB2,828,C,T,814,snp,PB2,267,V,V,synonymous SNV
AB836736.1,NC_004910.1_PB2,PB2,831,G,A,817,snp,PB2,268,R,R,synonymous SNV
AB836736.1,NC_004910.1_PB2,PB2,864,A,G,850,snp,PB2,279,S,S,synonymous SNV
AB836736.1,NC_004910.1_PB2,PB2,867,C,T,853,snp,PB2,280,L,L,synonymous SNV
AB836736.1,NC_004910.1_PB2,PB2,870,G,A,856,snp,PB2,281,L,L,synonymous SNV
AB836736.1,NC_004910.1_PB2,PB2,873,A,G,859,snp,PB2,282,E,E,synonymous SNV
AB836736.1,NC_004910.1_PB2,PB2,885,C,T,871,snp,PB2,286,S,S,synonymous SNV
AB836736.1,NC_004910.1_PB2,PB2,903,A,T,889,snp,PB2,292,V,V,synonymous SNV
AB836736.1,NC_004910.1_PB2,PB2,906,A,G,892,snp,PB2,293,R,R,synonymous SNV
AB836736.1,NC_004910.1_PB2,PB2,912,A,T,898,snp,PB2,295,V,V,synonymous SNV
AB836736.1,NC_004910.1_PB2,PB2,918,C,T,904,snp,PB2,297,I,I,synonymous SNV
AB836736.1,NC_004910.1_PB2,PB2,923,A,G,909,snp,PB2,299,K,R,nonsynonymous SNV
AB836736.1,NC_004910.1_PB2,PB2,942,G,A,928,snp,PB2,305,E,E,synonymous SNV
AB836736.1,NC_004910.1_PB2,PB2,945,A,G,931,snp,PB2,306,Q,Q,synonymous SNV
AB836736.1,NC_004910.1_PB2,PB2,951,A,G,937,snp,PB2,308,V,V,synonymous SNV
AB836736.1,NC_004910.1_PB2,PB2,978,G,A,964,snp,PB2,317,L,L,synonymous SNV
AB836736.1,NC_004910.1_PB2,PB2,980,A,G,966,snp,PB2,318,K,R,nonsynonymous SNV
AB836736.1,NC_004910.1_PB2,PB2,981,A,G,967,snp,PB2,318,K,R,nonsynonymous SNV
AB836736.1,NC_004910.1_PB2,PB2,987,C,T,973,snp,PB2,320,S,S,synonymous SNV
AB836736.1,NC_004910.1_PB2,PB2,1008,G,T,994,snp,PB2,327,G,G,synonymous SNV
AB836736.1,NC_004910.1_PB2,PB2,1028,A,G,1014,snp,PB2,334,K,S,nonsynonymous SNV
AB836736.1,NC_004910.1_PB2,PB2,1029,G,T,1015,snp,PB2,334,K,S,nonsynonymous SNV
AB836736.1,NC_004910.1_PB2,PB2,1035,T,A,1021,snp,PB2,336,S,S,synonymous SNV
AB836736.1,NC_004910.1_PB2,PB2,1047,A,G,1033,snp,PB2,340,R,R,synonymous SNV
AB836736.1,NC_004910.1_PB2,PB2,1050,G,A,1036,snp,PB2,341,E,E,synonymous SNV
AB836736.1,NC_004910.1_PB2,PB2,1056,A,C,1042,snp,PB2,343,E,D,nonsynonymous SNV
AB836736.1,NC_004910.1_PB2,PB2,1062,T,C,1048,snp,PB2,345,L,L,synonymous SNV
AB836736.1,NC_004910.1_PB2,PB2,1086,G,A,1072,snp,PB2,353,K,K,synonymous SNV
AB836736.1,NC_004910.1_PB2,PB2,1091,A,G,1077,snp,PB2,355,K,R,nonsynonymous SNV
AB836736.1,NC_004910.1_PB2,PB2,1125,T,C,1111,snp,PB2,366,V,V,synonymous SNV
AB836736.1,NC_004910.1_PB2,PB2,1128,A,G,1114,snp,PB2,367,G,G,synonymous SNV
AB836736.1,NC_004910.1_PB2,PB2,1152,A,G,1138,snp,PB2,375,R,R,synonymous SNV
AB836736.1,NC_004910.1_PB2,PB2,1167,G,A,1153,snp,PB2,380,R,R,synonymous SNV
AB836736.1,NC_004910.1_PB2,PB2,1185,C,G,1171,snp,PB2,386,V,V,synonymous SNV
AB836736.1,NC_004910.1_PB2,PB2,1188,C,T,1174,snp,PB2,387,S,S,synonymous SNV
AB836736.1,NC_004910.1_PB2,PB2,1193,G,A,1179,snp,PB2,389,R,K,nonsynonymous SNV
AB836736.1,NC_004910.1_PB2,PB2,1194,G,A,1180,snp,PB2,389,R,K,nonsynonymous SNV
AB836736.1,NC_004910.1_PB2,PB2,1209,T,C,1195,snp,PB2,394,I,I,synonymous SNV
AB836736.1,NC_004910.1_PB2,PB2,1212,T,C,1198,snp,PB2,395,A,A,synonymous SNV
AB836736.1,NC_004910.1_PB2,PB2,1221,T,C,1207,snp,PB2,398,I,I,synonymous SNV
AB836736.1,NC_004910.1_PB2,PB2,1224,T,A,1210,snp,PB2,399,I,I,synonymous SNV
AB836736.1,NC_004910.1_PB2,PB2,1248,A,G,1234,snp,PB2,407,E,E,synonymous SNV
AB836736.1,NC_004910.1_PB2,PB2,1254,C,T,1240,snp,PB2,409,C,C,synonymous SNV
AB836736.1,NC_004910.1_PB2,PB2,1269,C,G,1255,snp,PB2,414,V,V,synonymous SNV
AB836736.1,NC_004910.1_PB2,PB2,1284,T,C,1270,snp,PB2,419,N,N,synonymous SNV
AB836736.1,NC_004910.1_PB2,PB2,1287,C,T,1273,snp,PB2,420,F,F,synonymous SNV
AB836736.1,NC_004910.1_PB2,PB2,1290,A,T,1276,snp,PB2,421,V,V,synonymous SNV
AB836736.1,NC_004910.1_PB2,PB2,1299,A,G,1285,snp,PB2,424,A,A,synonymous SNV
AB836736.1,NC_004910.1_PB2,PB2,1302,T,C,1288,snp,PB2,425,N,N,synonymous SNV
AB836736.1,NC_004910.1_PB2,PB2,1305,A,G,1291,snp,PB2,426,Q,Q,synonymous SNV
AB836736.1,NC_004910.1_PB2,PB2,1308,A,G,1294,snp,PB2,427,R,R,synonymous SNV
AB836736.1,NC_004910.1_PB2,PB2,1311,G,A,1297,snp,PB2,428,L,L,synonymous SNV
AB836736.1,NC_004910.1_PB2,PB2,1323,C,T,1309,snp,PB2,432,H,H,synonymous SNV
AB836736.1,NC_004910.1_PB2,PB2,1335,A,G,1321,snp,PB2,436,R,R,synonymous SNV
AB836736.1,NC_004910.1_PB2,PB2,1338,C,T,1324,snp,PB2,437,H,H,synonymous SNV
AB836736.1,NC_004910.1_PB2,PB2,1341,T,C,1327,snp,PB2,438,F,F,synonymous SNV
AB836736.1,NC_004910.1_PB2,PB2,1359,G,T,1345,snp,PB2,444,V,V,synonymous SNV
AB836736.1,NC_004910.1_PB2,PB2,1371,C,T,1357,snp,PB2,448,N,N,synonymous SNV
AB836736.1,NC_004910.1_PB2,PB2,1377,A,G,1363,snp,PB2,450,G,G,synonymous SNV
AB836736.1,NC_004910.1_PB2,PB2,1389,C,T,1375,snp,PB2,454,I,I,synonymous SNV
AB836736.1,NC_004910.1_PB2,PB2,1398,C,A,1384,snp,PB2,457,V,V,synonymous SNV
AB836736.1,NC_004910.1_PB2,PB2,1404,T,G,1390,snp,PB2,459,G,G,synonymous SNV
AB836736.1,NC_004910.1_PB2,PB2,1410,T,C,1396,snp,PB2,461,I,I,synonymous SNV
AB836736.1,NC_004910.1_PB2,PB2,1437,C,T,1423,snp,PB2,470,S,S,synonymous SNV
AB836736.1,NC_004910.1_PB2,PB2,1440,G,A,1426,snp,PB2,471,T,T,synonymous SNV
AB836736.1,NC_004910.1_PB2,PB2,1443,A,G,1429,snp,PB2,472,E,E,synonymous SNV
AB836736.1,NC_004910.1_PB2,PB2,1452,A,G,1438,snp,PB2,475,L,L,synonymous SNV
AB836736.1,NC_004910.1_PB2,PB2,1470,C,T,1456,snp,PB2,481,S,S,synonymous SNV
AB836736.1,NC_004910.1_PB2,PB2,1479,G,A,1465,snp,PB2,484,G,G,synonymous SNV
AB836736.1,NC_004910.1_PB2,PB2,1482,G,A,1468,snp,PB2,485,V,V,synonymous SNV
AB836736.1,NC_004910.1_PB2,PB2,1494,T,C,1480,snp,PB2,489,S,S,synonymous SNV
AB836736.1,NC_004910.1_PB2,PB2,1497,C,T,1483,snp,PB2,490,S,S,synonymous SNV
AB836736.1,NC_004910.1_PB2,PB2,1503,A,G,1489,snp,PB2,492,E,E,synonymous SNV
AB836736.1,NC_004910.1_PB2,PB2,1506,G,A,1492,snp,PB2,493,R,R,synonymous SNV
AB836736.1,NC_004910.1_PB2,PB2,1511,T,C,1497,snp,PB2,495,V,A,nonsynonymous SNV
AB836736.1,NC_004910.1_PB2,PB2,1518,C,T,1504,snp,PB2,497,S,S,synonymous SNV
AB836736.1,NC_004910.1_PB2,PB2,1524,C,T,1510,snp,PB2,499,D,D,synonymous SNV
AB836736.1,NC_004910.1_PB2,PB2,1533,A,G,1519,snp,PB2,502,L,L,synonymous SNV
AB836736.1,NC_004910.1_PB2,PB2,1545,T,C,1531,snp,PB2,506,D,D,synonymous SNV
AB836736.1,NC_004910.1_PB2,PB2,1551,A,G,1537,snp,PB2,508,R,R,synonymous SNV
AB836736.1,NC_004910.1_PB2,PB2,1557,T,C,1543,snp,PB2,510,N,N,synonymous SNV
AB836736.1,NC_004910.1_PB2,PB2,1566,A,G,1552,snp,PB2,513,L,L,synonymous SNV
AB836736.1,NC_004910.1_PB2,PB2,1569,C,T,1555,snp,PB2,514,S,S,synonymous SNV
AB836736.1,NC_004910.1_PB2,PB2,1578,A,G,1564,snp,PB2,517,E,E,synonymous SNV
AB836736.1,NC_004910.1_PB2,PB2,1598,T,C,1584,snp,PB2,524,M,T,nonsynonymous SNV
AB836736.1,NC_004910.1_PB2,PB2,1599,G,A,1585,snp,PB2,524,M,T,nonsynonymous SNV
AB836736.1,NC_004910.1_PB2,PB2,1611,G,C,1597,snp,PB2,528,T,T,synonymous SNV
AB836736.1,NC_004910.1_PB2,PB2,1617,T,A,1603,snp,PB2,530,T,T,synonymous SNV
AB836736.1,NC_004910.1_PB2,PB2,1629,T,C,1615,snp,PB2,534,S,S,synonymous SNV
AB836736.1,NC_004910.1_PB2,PB2,1644,T,C,1630,snp,PB2,539,I,I,synonymous SNV
AB836736.1,NC_004910.1_PB2,PB2,1647,C,T,1633,snp,PB2,540,N,N,synonymous SNV
AB836736.1,NC_004910.1_PB2,PB2,1650,G,T,1636,snp,PB2,541,G,G,synonymous SNV
AB836736.1,NC_004910.1_PB2,PB2,1653,A,G,1639,snp,PB2,542,P,P,synonymous SNV
AB836736.1,NC_004910.1_PB2,PB2,1692,G,A,1678,snp,PB2,555,R,R,synonymous SNV
AB836736.1,NC_004910.1_PB2,PB2,1701,G,A,1687,snp,PB2,558,E,E,synonymous SNV
AB836736.1,NC_004910.1_PB2,PB2,1713,C,T,1699,snp,PB2,562,I,I,synonymous SNV
AB836736.1,NC_004910.1_PB2,PB2,1728,A,C,1714,snp,PB2,567,E,D,nonsynonymous SNV
AB836736.1,NC_004910.1_PB2,PB2,1731,C,T,1717,snp,PB2,568,P,P,synonymous SNV
AB836736.1,NC_004910.1_PB2,PB2,1734,C,A,1720,snp,PB2,569,T,T,synonymous SNV
AB836736.1,NC_004910.1_PB2,PB2,1764,A,C,1750,snp,PB2,579,P,P,synonymous SNV
AB836736.1,NC_004910.1_PB2,PB2,1773,T,C,1759,snp,PB2,582,S,S,synonymous SNV
AB836736.1,NC_004910.1_PB2,PB2,1779,A,G,1765,snp,PB2,584,V,V,synonymous SNV
AB836736.1,NC_004910.1_PB2,PB2,1782,A,T,1768,snp,PB2,585,P,P,synonymous SNV
AB836736.1,NC_004910.1_PB2,PB2,1785,G,A,1771,snp,PB2,586,K,K,synonymous SNV
AB836736.1,NC_004910.1_PB2,PB2,1806,T,C,1792,snp,PB2,593,S,S,synonymous SNV
AB836736.1,NC_004910.1_PB2,PB2,1809,A,G,1795,snp,PB2,594,G,G,synonymous SNV
AB836736.1,NC_004910.1_PB2,PB2,1812,T,C,1798,snp,PB2,595,F,F,synonymous SNV
AB836736.1,NC_004910.1_PB2,PB2,1815,G,A,1801,snp,PB2,596,V,V,synonymous SNV
AB836736.1,NC_004910.1_PB2,PB2,1818,A,G,1804,snp,PB2,597,R,R,synonymous SNV
AB836736.1,NC_004910.1_PB2,PB2,1820,C,T,1806,snp,PB2,598,T,M,nonsynonymous SNV
AB836736.1,NC_004910.1_PB2,PB2,1842,T,C,1828,snp,PB2,605,D,D,synonymous SNV
AB836736.1,NC_004910.1_PB2,PB2,1845,T,A,1831,snp,PB2,606,V,V,synonymous SNV
AB836736.1,NC_004910.1_PB2,PB2,1851,A,G,1837,snp,PB2,608,G,G,synonymous SNV
AB836736.1,NC_004910.1_PB2,PB2,1854,G,A,1840,snp,PB2,609,T,T,synonymous SNV
AB836736.1,NC_004910.1_PB2,PB2,1857,C,T,1843,snp,PB2,610,F,F,synonymous SNV
AB836736.1,NC_004910.1_PB2,PB2,1866,T,C,1852,snp,PB2,613,V,V,synonymous SNV
AB836736.1,NC_004910.1_PB2,PB2,1875,C,A,1861,snp,PB2,616,I,I,synonymous SNV
AB836736.1,NC_004910.1_PB2,PB2,1878,A,G,1864,snp,PB2,617,K,K,synonymous SNV
AB836736.1,NC_004910.1_PB2,PB2,1902,A,G,1888,snp,PB2,625,P,P,synonymous SNV
AB836736.1,NC_004910.1_PB2,PB2,1908,A,G,1894,snp,PB2,627,E,E,synonymous SNV
AB836736.1,NC_004910.1_PB2,PB2,1923,A,G,1909,snp,PB2,632,Q,Q,synonymous SNV
AB836736.1,NC_004910.1_PB2,PB2,1926,T,C,1912,snp,PB2,633,F,F,synonymous SNV
AB836736.1,NC_004910.1_PB2,PB2,1935,G,A,1921,snp,PB2,636,L,L,synonymous SNV
AB836736.1,NC_004910.1_PB2,PB2,1944,T,C,1930,snp,PB2,639,N,N,synonymous SNV
AB836736.1,NC_004910.1_PB2,PB2,1953,A,T,1939,snp,PB2,642,G,G,synonymous SNV
AB836736.1,NC_004910.1_PB2,PB2,1977,A,G,1963,snp,PB2,650,R,R,synonymous SNV
AB836736.1,NC_004910.1_PB2,PB2,1980,T,C,1966,snp,PB2,651,G,G,synonymous SNV
AB836736.1,NC_004910.1_PB2,PB2,1983,C,T,1969,snp,PB2,652,N,N,synonymous SNV
AB836736.1,NC_004910.1_PB2,PB2,1986,C,T,1972,snp,PB2,653,S,S,synonymous SNV
AB836736.1,NC_004910.1_PB2,PB2,1991,C,T,1977,snp,PB2,655,A,V,nonsynonymous SNV
AB836736.1,NC_004910.1_PB2,PB2,1995,T,C,1981,snp,PB2,656,F,F,synonymous SNV
AB836736.1,NC_004910.1_PB2,PB2,2004,C,T,1990,snp,PB2,659,N,N,synonymous SNV
AB836736.1,NC_004910.1_PB2,PB2,2013,T,C,1999,snp,PB2,662,T,T,synonymous SNV
AB836736.1,NC_004910.1_PB2,PB2,2028,A,G,2014,snp,PB2,667,I,M,nonsynonymous SNV
AB836736.1,NC_004910.1_PB2,PB2,2034,G,A,2020,snp,PB2,669,G,G,synonymous SNV
AB836736.1,NC_004910.1_PB2,PB2,2040,C,T,2026,snp,PB2,671,D,D,synonymous SNV
AB836736.1,NC_004910.1_PB2,PB2,2049,G,A,2035,snp,PB2,674,A,A,synonymous SNV
AB836736.1,NC_004910.1_PB2,PB2,2052,T,G,2038,snp,PB2,675,L,L,synonymous SNV
AB836736.1,NC_004910.1_PB2,PB2,2054,C,T,2040,snp,PB2,676,T,M,nonsynonymous SNV
AB836736.1,NC_004910.1_PB2,PB2,2055,A,G,2041,snp,PB2,676,T,M,nonsynonymous SNV
AB836736.1,NC_004910.1_PB2,PB2,2058,G,A,2044,snp,PB2,677,E,E,synonymous SNV
AB836736.1,NC_004910.1_PB2,PB2,2061,C,T,2047,snp,PB2,678,D,D,synonymous SNV
AB836736.1,NC_004910.1_PB2,PB2,2070,A,G,2056,snp,PB2,681,E,E,synonymous SNV
AB836736.1,NC_004910.1_PB2,PB2,2085,A,G,2071,snp,PB2,686,V,V,synonymous SNV
AB836736.1,NC_004910.1_PB2,PB2,2088,G,A,2074,snp,PB2,687,E,E,synonymous SNV
AB836736.1,NC_004910.1_PB2,PB2,2094,A,G,2080,snp,PB2,689,A,A,synonymous SNV
AB836736.1,NC_004910.1_PB2,PB2,2112,A,G,2098,snp,PB2,695,L,L,synonymous SNV
AB836736.1,NC_004910.1_PB2,PB2,2115,C,T,2101,snp,PB2,696,I,I,synonymous SNV
AB836736.1,NC_004910.1_PB2,PB2,2118,C,G,2104,snp,PB2,697,L,L,synonymous SNV
AB836736.1,NC_004910.1_PB2,PB2,2130,C,T,2116,snp,PB2,701,D,D,synonymous SNV
AB836736.1,NC_004910.1_PB2,PB2,2142,A,G,2128,snp,PB2,705,G,G,synonymous SNV
AB836736.1,NC_004910.1_PB2,PB2,2151,A,G,2137,snp,PB2,708,L,L,synonymous SNV
AB836736.1,NC_004910.1_PB2,PB2,2160,T,C,2146,snp,PB2,711,N,N,synonymous SNV
AB836736.1,NC_004910.1_PB2,PB2,2190,A,G,2176,snp,PB2,721,K,K,synonymous SNV
AB836736.1,NC_004910.1_PB2,PB2,2199,A,G,2185,snp,PB2,724,V,V,synonymous SNV
AB836736.1,NC_004910.1_PB2,PB2,2220,A,G,2206,snp,PB2,731,V,V,synonymous SNV
AB836736.1,NC_004910.1_PB2,PB2,2268,C,T,2254,snp,PB2,747,S,S,synonymous SNV
AB836736.1,NC_004910.1_PB2,PB2,2286,A,G,2272,snp,PB2,753,R,R,synonymous SNV
AB836738.1,NC_004912.1_PA,PA,41,G,A,30,snp,PA,7,Q,Q,synonymous SNV
AB836738.1,NC_004912.1_PA,PA,59,T,C,48,snp,PA,13,I,I,synonymous SNV
AB836738.1,NC_004912.1_PA,PA,86,G,A,75,snp,PA,22,K,K,synonymous SNV
AB836738.1,NC_004912.1_PA,PA,101,C,T,90,snp,PA,27,D,D,synonymous SNV
AB836738.1,NC_004912.1_PA,PA,110,T,C,99,snp,PA,30,I,I,synonymous SNV
AB836738.1,NC_004912.1_PA,PA,116,A,G,105,snp,PA,32,T,T,synonymous SNV
AB836738.1,NC_004912.1_PA,PA,119,T,C,108,snp,PA,33,N,N,synonymous SNV
AB836738.1,NC_004912.1_PA,PA,122,G,A,111,snp,PA,34,K,K,synonymous SNV
AB836738.1,NC_004912.1_PA,PA,128,T,A,117,snp,PA,36,A,A,synonymous SNV
AB836738.1,NC_004912.1_PA,PA,146,A,G,135,snp,PA,42,L,L,synonymous SNV
AB836738.1,NC_004912.1_PA,PA,164,T,C,153,snp,PA,48,Y,Y,synonymous SNV
AB836738.1,NC_004912.1_PA,PA,167,A,T,156,snp,PA,49,S,S,synonymous SNV
AB836738.1,NC_004912.1_PA,PA,170,C,T,159,snp,PA,50,D,D,synonymous SNV
AB836738.1,NC_004912.1_PA,PA,176,T,C,165,snp,PA,52,H,H,synonymous SNV
AB836738.1,NC_004912.1_PA,PA,191,A,G,180,snp,PA,57,R,R,synonymous SNV
AB836738.1,NC_004912.1_PA,PA,202,T,C,191,snp,PA,61,I,T,nonsynonymous SNV
AB836738.1,NC_004912.1_PA,PA,203,A,C,192,snp,PA,61,I,T,nonsynonymous SNV
AB836738.1,NC_004912.1_PA,PA,209,G,A,198,snp,PA,63,V,V,synonymous SNV
AB836738.1,NC_004912.1_PA,PA,218,T,C,207,snp,PA,66,G,G,synonymous SNV
AB836738.1,NC_004912.1_PA,PA,221,T,C,210,snp,PA,67,D,D,synonymous SNV
AB836738.1,NC_004912.1_PA,PA,239,G,A,228,snp,PA,73,K,K,synonymous SNV
AB836738.1,NC_004912.1_PA,PA,245,G,A,234,snp,PA,75,R,R,synonymous SNV
AB836738.1,NC_004912.1_PA,PA,257,T,C,246,snp,PA,79,I,I,synonymous SNV
AB836738.1,NC_004912.1_PA,PA,263,A,G,252,snp,PA,81,G,G,synonymous SNV
AB836738.1,NC_004912.1_PA,PA,299,C,T,288,snp,PA,93,S,S,synonymous SNV
AB836738.1,NC_004912.1_PA,PA,311,A,C,300,snp,PA,97,T,T,synonymous SNV
AB836738.1,NC_004912.1_PA,PA,323,T,G,312,snp,PA,101,D,E,nonsynonymous SNV
AB836738.1,NC_004912.1_PA,PA,347,A,G,336,snp,PA,109,L,L,synonymous SNV
AB836738.1,NC_004912.1_PA,PA,350,C,T,339,snp,PA,110,Y,Y,synonymous SNV
AB836738.1,NC_004912.1_PA,PA,373,C,T,362,snp,PA,118,T,I,nonsynonymous SNV
AB836738.1,NC_004912.1_PA,PA,383,T,A,372,snp,PA,121,G,G,synonymous SNV
AB836738.1,NC_004912.1_PA,PA,386,G,A,375,snp,PA,122,V,V,synonymous SNV
AB836738.1,NC_004912.1_PA,PA,389,A,G,378,snp,PA,123,T,T,synonymous SNV
AB836738.1,NC_004912.1_PA,PA,401,T,C,390,snp,PA,127,V,V,synonymous SNV
AB836738.1,NC_004912.1_PA,PA,404,C,A,393,snp,PA,128,H,Q,nonsynonymous SNV
AB836738.1,NC_004912.1_PA,PA,410,T,C,399,snp,PA,130,Y,Y,synonymous SNV
AB836738.1,NC_004912.1_PA,PA,419,A,G,408,snp,PA,133,E,E,synonymous SNV
AB836738.1,NC_004912.1_PA,PA,425,T,C,414,snp,PA,135,A,A,synonymous SNV
AB836738.1,NC_004912.1_PA,PA,431,G,A,420,snp,PA,137,K,K,synonymous SNV
AB836738.1,NC_004912.1_PA,PA,440,C,A,429,snp,PA,140,S,S,synonymous SNV
AB836738.1,NC_004912.1_PA,PA,446,A,G,435,snp,PA,142,K,K,synonymous SNV
AB836738.1,NC_004912.1_PA,PA,452,T,C,441,snp,PA,144,H,H,synonymous SNV
AB836738.1,NC_004912.1_PA,PA,461,C,T,450,snp,PA,147,I,I,synonymous SNV
AB836738.1,NC_004912.1_PA,PA,464,T,C,453,snp,PA,148,F,F,synonymous SNV
AB836738.1,NC_004912.1_PA,PA,482,A,G,471,snp,PA,154,E,E,synonymous SNV
AB836738.1,NC_004912.1_PA,PA,491,T,C,480,snp,PA,157,T,T,synonymous SNV
AB836738.1,NC_004912.1_PA,PA,497,T,A,486,snp,PA,159,A,A,synonymous SNV
AB836738.1,NC_004912.1_PA,PA,500,C,T,489,snp,PA,160,D,D,synonymous SNV
AB836738.1,NC_004912.1_PA,PA,506,C,T,495,snp,PA,162,T,T,synonymous SNV
AB836738.1,NC_004912.1_PA,PA,512,T,C,501,snp,PA,164,D,D,synonymous SNV
AB836738.1,NC_004912.1_PA,PA,518,G,A,507,snp,PA,166,E,E,synonymous SNV
AB836738.1,NC_004912.1_PA,PA,533,A,C,522,snp,PA,171,I,I,synonymous SNV
AB836738.1,NC_004912.1_PA,PA,542,A,G,531,snp,PA,174,R,R,synonymous SNV
AB836738.1,NC_004912.1_PA,PA,545,A,G,534,snp,PA,175,L,L,synonymous SNV
AB836738.1,NC_004912.1_PA,PA,557,A,G,546,snp,PA,179,R,R,synonymous SNV
AB836738.1,NC_004912.1_PA,PA,569,A,C,558,snp,PA,183,A,A,synonymous SNV
AB836738.1,NC_004912.1_PA,PA,605,G,A,594,snp,PA,195,E,E,synonymous SNV
AB836738.1,NC_004912.1_PA,PA,617,G,A,606,snp,PA,199,E,E,synonymous SNV
AB836738.1,NC_004912.1_PA,PA,647,G,C,636,snp,PA,209,G,G,synonymous SNV
AB836738.1,NC_004912.1_PA,PA,656,T,C,645,snp,PA,212,R,R,synonymous SNV
AB836738.1,NC_004912.1_PA,PA,683,T,G,672,snp,PA,221,P,P,synonymous SNV
AB836738.1,NC_004912.1_PA,PA,770,G,A,759,snp,PA,250,S,S,synonymous SNV
AB836738.1,NC_004912.1_PA,PA,791,T,C,780,snp,PA,257,I,I,synonymous SNV
AB836738.1,NC_004912.1_PA,PA,803,G,A,792,snp,PA,261,L,L,synonymous SNV
AB836738.1,NC_004912.1_PA,PA,818,T,C,807,snp,PA,266,R,R,synonymous SNV
AB836738.1,NC_004912.1_PA,PA,821,C,T,810,snp,PA,267,P,P,synonymous SNV
AB836738.1,NC_004912.1_PA,PA,827,A,G,816,snp,PA,269,R,R,synonymous SNV
AB836738.1,NC_004912.1_PA,PA,839,A,G,828,snp,PA,273,G,G,synonymous SNV
AB836738.1,NC_004912.1_PA,PA,851,C,T,840,snp,PA,277,S,S,synonymous SNV
AB836738.1,NC_004912.1_PA,PA,908,C,T,897,snp,PA,296,S,S,synonymous SNV
AB836738.1,NC_004912.1_PA,PA,914,G,A,903,snp,PA,298,E,E,synonymous SNV
AB836738.1,NC_004912.1_PA,PA,944,A,C,933,snp,PA,308,I,I,synonymous SNV
AB836738.1,NC_004912.1_PA,PA,950,C,T,939,snp,PA,310,C,C,synonymous SNV
AB836738.1,NC_004912.1_PA,PA,959,A,G,948,snp,PA,313,T,T,synonymous SNV
AB836738.1,NC_004912.1_PA,PA,968,C,G,957,snp,PA,316,G,G,synonymous SNV
AB836738.1,NC_004912.1_PA,PA,973,G,A,962,snp,PA,318,R,K,nonsynonymous SNV
AB836738.1,NC_004912.1_PA,PA,980,C,A,969,snp,PA,320,P,P,synonymous SNV
AB836738.1,NC_004912.1_PA,PA,986,C,T,975,snp,PA,322,I,I,synonymous SNV
AB836738.1,NC_004912.1_PA,PA,992,G,A,981,snp,PA,324,K,K,synonymous SNV
AB836738.1,NC_004912.1_PA,PA,998,C,T,987,snp,PA,326,H,H,synonymous SNV
AB836738.1,NC_004912.1_PA,PA,1004,G,A,993,snp,PA,328,K,K,synonymous SNV
AB836738.1,NC_004912.1_PA,PA,1013,T,C,1002,snp,PA,331,N,N,synonymous SNV
AB836738.1,NC_004912.1_PA,PA,1025,T,C,1014,snp,PA,335,L,L,synonymous SNV
AB836738.1,NC_004912.1_PA,PA,1043,G,A,1032,snp,PA,341,V,V,synonymous SNV
AB836738.1,NC_004912.1_PA,PA,1046,G,A,1035,snp,PA,342,L,L,synonymous SNV
AB836738.1,NC_004912.1_PA,PA,1055,C,T,1044,snp,PA,345,L,L,synonymous SNV
AB836738.1,NC_004912.1_PA,PA,1061,T,C,1050,snp,PA,347,D,D,synonymous SNV
AB836738.1,NC_004912.1_PA,PA,1073,G,A,1062,snp,PA,351,E,E,synonymous SNV
AB836738.1,NC_004912.1_PA,PA,1076,T,G,1065,snp,PA,352,D,E,nonsynonymous SNV
AB836738.1,NC_004912.1_PA,PA,1079,A,G,1068,snp,PA,353,K,K,synonymous SNV
AB836738.1,NC_004912.1_PA,PA,1082,C,T,1071,snp,PA,354,I,I,synonymous SNV
AB836738.1,NC_004912.1_PA,PA,1088,A,G,1077,snp,PA,356,K,K,synonymous SNV
AB836738.1,NC_004912.1_PA,PA,1120,T,A,1109,snp,PA,367,M,K,nonsynonymous SNV
AB836738.1,NC_004912.1_PA,PA,1133,G,T,1122,snp,PA,371,G,G,synonymous SNV
AB836738.1,NC_004912.1_PA,PA,1136,G,A,1125,snp,PA,372,E,E,synonymous SNV
AB836738.1,NC_004912.1_PA,PA,1139,T,C,1128,snp,PA,373,N,N,synonymous SNV
AB836738.1,NC_004912.1_PA,PA,1151,A,G,1140,snp,PA,377,E,E,synonymous SNV
AB836738.1,NC_004912.1_PA,PA,1154,A,G,1143,snp,PA,378,K,K,synonymous SNV
AB836738.1,NC_004912.1_PA,PA,1157,G,A,1146,snp,PA,379,L,L,synonymous SNV
AB836738.1,NC_004912.1_PA,PA,1166,G,A,1155,snp,PA,382,E,E,synonymous SNV
AB836738.1,NC_004912.1_PA,PA,1169,C,T,1158,snp,PA,383,D,D,synonymous SNV
AB836738.1,NC_004912.1_PA,PA,1181,T,C,1170,snp,PA,387,I,I,synonymous SNV
AB836738.1,NC_004912.1_PA,PA,1183,G,A,1172,snp,PA,388,G,D,nonsynonymous SNV
AB836738.1,NC_004912.1_PA,PA,1187,T,C,1176,snp,PA,389,D,D,synonymous SNV
AB836738.1,NC_004912.1_PA,PA,1199,T,C,1188,snp,PA,393,Y,Y,synonymous SNV
AB836738.1,NC_004912.1_PA,PA,1202,A,C,1191,snp,PA,394,Q,H,nonsynonymous SNV
AB836738.1,NC_004912.1_PA,PA,1219,T,C,1208,snp,PA,400,L,P,nonsynonymous SNV
AB836738.1,NC_004912.1_PA,PA,1226,G,A,1215,snp,PA,402,S,S,synonymous SNV
AB836738.1,NC_004912.1_PA,PA,1235,C,T,1224,snp,PA,405,S,S,synonymous SNV
AB836738.1,NC_004912.1_PA,PA,1241,C,T,1230,snp,PA,407,I,I,synonymous SNV
AB836738.1,NC_004912.1_PA,PA,1246,G,A,1235,snp,PA,409,S,N,nonsynonymous SNV
AB836738.1,NC_004912.1_PA,PA,1250,G,A,1239,snp,PA,410,E,E,synonymous SNV
AB836738.1,NC_004912.1_PA,PA,1277,T,G,1266,snp,PA,419,D,E,nonsynonymous SNV
AB836738.1,NC_004912.1_PA,PA,1280,G,A,1269,snp,PA,420,S,S,synonymous SNV
AB836738.1,NC_004912.1_PA,PA,1295,C,T,1284,snp,PA,425,L,L,synonymous SNV
AB836738.1,NC_004912.1_PA,PA,1301,G,A,1290,snp,PA,427,E,E,synonymous SNV
AB836738.1,NC_004912.1_PA,PA,1325,T,C,1314,snp,PA,435,I,I,synonymous SNV
AB836738.1,NC_004912.1_PA,PA,1328,G,A,1317,snp,PA,436,E,E,synonymous SNV
AB836738.1,NC_004912.1_PA,PA,1358,C,T,1347,snp,PA,446,F,F,synonymous SNV
AB836738.1,NC_004912.1_PA,PA,1364,G,A,1353,snp,PA,448,A,A,synonymous SNV
AB836738.1,NC_004912.1_PA,PA,1367,A,G,1356,snp,PA,449,E,E,synonymous SNV
AB836738.1,NC_004912.1_PA,PA,1373,T,C,1362,snp,PA,451,S,S,synonymous SNV
AB836738.1,NC_004912.1_PA,PA,1376,T,C,1365,snp,PA,452,H,H,synonymous SNV
AB836738.1,NC_004912.1_PA,PA,1385,C,T,1374,snp,PA,455,A,A,synonymous SNV
AB836738.1,NC_004912.1_PA,PA,1391,G,A,1380,snp,PA,457,E,E,synonymous SNV
AB836738.1,NC_004912.1_PA,PA,1403,G,A,1392,snp,PA,461,K,K,synonymous SNV
AB836738.1,NC_004912.1_PA,PA,1406,G,A,1395,snp,PA,462,G,G,synonymous SNV
AB836738.1,NC_004912.1_PA,PA,1409,T,G,1398,snp,PA,463,V,V,synonymous SNV
AB836738.1,NC_004912.1_PA,PA,1430,C,T,1419,snp,PA,470,L,L,synonymous SNV
AB836738.1,NC_004912.1_PA,PA,1445,A,G,1434,snp,PA,475,A,A,synonymous SNV
AB836738.1,NC_004912.1_PA,PA,1457,C,T,1446,snp,PA,479,D,D,synonymous SNV
AB836738.1,NC_004912.1_PA,PA,1460,C,T,1449,snp,PA,480,F,F,synonymous SNV
AB836738.1,NC_004912.1_PA,PA,1487,C,T,1476,snp,PA,489,C,C,synonymous SNV
AB836738.1,NC_004912.1_PA,PA,1493,A,C,1482,snp,PA,491,T,T,synonymous SNV
AB836738.1,NC_004912.1_PA,PA,1499,A,G,1488,snp,PA,493,E,E,synonymous SNV
AB836738.1,NC_004912.1_PA,PA,1511,G,A,1500,snp,PA,497,K,K,synonymous SNV
AB836738.1,NC_004912.1_PA,PA,1520,G,A,1509,snp,PA,500,L,L,synonymous SNV
AB836738.1,NC_004912.1_PA,PA,1526,G,A,1515,snp,PA,502,G,G,synonymous SNV
AB836738.1,NC_004912.1_PA,PA,1547,C,T,1536,snp,PA,509,S,S,synonymous SNV
AB836738.1,NC_004912.1_PA,PA,1556,A,G,1545,snp,PA,512,R,R,synonymous SNV
AB836738.1,NC_004912.1_PA,PA,1565,T,C,1554,snp,PA,515,T,T,synonymous SNV
AB836738.1,NC_004912.1_PA,PA,1574,G,A,1563,snp,PA,518,V,V,synonymous SNV
AB836738.1,NC_004912.1_PA,PA,1583,G,A,1572,snp,PA,521,V,V,synonymous SNV
AB836738.1,NC_004912.1_PA,PA,1595,C,T,1584,snp,PA,525,F,F,synonymous SNV
AB836738.1,NC_004912.1_PA,PA,1619,G,A,1608,snp,PA,533,E,E,synonymous SNV
AB836738.1,NC_004912.1_PA,PA,1625,C,T,1614,snp,PA,535,H,H,synonymous SNV
AB836738.1,NC_004912.1_PA,PA,1640,C,T,1629,snp,PA,540,Y,Y,synonymous SNV
AB836738.1,NC_004912.1_PA,PA,1661,A,C,1650,snp,PA,547,E,D,nonsynonymous SNV
AB836738.1,NC_004912.1_PA,PA,1688,G,A,1677,snp,PA,556,Q,Q,synonymous SNV
AB836738.1,NC_004912.1_PA,PA,1706,C,T,1695,snp,PA,562,F,F,synonymous SNV
AB836738.1,NC_004912.1_PA,PA,1721,T,C,1710,snp,PA,567,T,T,synonymous SNV
AB836738.1,NC_004912.1_PA,PA,1724,C,T,1713,snp,PA,568,N,N,synonymous SNV
AB836738.1,NC_004912.1_PA,PA,1727,A,G,1716,snp,PA,569,G,G,synonymous SNV
AB836738.1,NC_004912.1_PA,PA,1736,A,G,1725,snp,PA,572,K,K,synonymous SNV
AB836738.1,NC_004912.1_PA,PA,1739,T,C,1728,snp,PA,573,I,I,synonymous SNV
AB836738.1,NC_004912.1_PA,PA,1754,G,T,1743,snp,PA,578,G,G,synonymous SNV
AB836738.1,NC_004912.1_PA,PA,1787,T,C,1776,snp,PA,589,L,L,synonymous SNV
AB836738.1,NC_004912.1_PA,PA,1808,C,T,1797,snp,PA,596,I,I,synonymous SNV
AB836738.1,NC_004912.1_PA,PA,1811,G,A,1800,snp,PA,597,E,E,synonymous SNV
AB836738.1,NC_004912.1_PA,PA,1817,G,A,1806,snp,PA,599,E,E,synonymous SNV
AB836738.1,NC_004912.1_PA,PA,1823,T,C,1812,snp,PA,601,S,S,synonymous SNV
AB836738.1,NC_004912.1_PA,PA,1864,G,A,1853,snp,PA,615,R,K,nonsynonymous SNV
AB836738.1,NC_004912.1_PA,PA,1868,G,A,1857,snp,PA,616,S,S,synonymous SNV
AB836738.1,NC_004912.1_PA,PA,1871,G,A,1860,snp,PA,617,E,E,synonymous SNV
AB836738.1,NC_004912.1_PA,PA,1889,G,A,1878,snp,PA,623,E,E,synonymous SNV
AB836738.1,NC_004912.1_PA,PA,1895,T,C,1884,snp,PA,625,P,P,synonymous SNV
AB836738.1,NC_004912.1_PA,PA,1913,C,T,1902,snp,PA,631,G,G,synonymous SNV
AB836738.1,NC_004912.1_PA,PA,1916,A,C,1905,snp,PA,632,S,S,synonymous SNV
AB836738.1,NC_004912.1_PA,PA,1922,G,A,1911,snp,PA,634,G,G,synonymous SNV
AB836738.1,NC_004912.1_PA,PA,1955,G,A,1944,snp,PA,645,V,V,synonymous SNV
AB836738.1,NC_004912.1_PA,PA,1988,A,G,1977,snp,PA,656,E,E,synonymous SNV
AB836738.1,NC_004912.1_PA,PA,1991,A,G,1980,snp,PA,657,G,G,synonymous SNV
AB836738.1,NC_004912.1_PA,PA,1994,T,C,1983,snp,PA,658,F,F,synonymous SNV
AB836738.1,NC_004912.1_PA,PA,2015,A,G,2004,snp,PA,665,L,L,synonymous SNV
AB836738.1,NC_004912.1_PA,PA,2030,A,G,2019,snp,PA,670,Q,Q,synonymous SNV
AB836738.1,NC_004912.1_PA,PA,2033,A,G,2022,snp,PA,671,A,A,synonymous SNV
AB836738.1,NC_004912.1_PA,PA,2042,C,T,2031,snp,PA,674,D,D,synonymous SNV
AB836738.1,NC_004912.1_PA,PA,2063,T,C,2052,snp,PA,681,F,F,synonymous SNV
AB836738.1,NC_004912.1_PA,PA,2083,G,A,2072,snp,PA,688,G,E,nonsynonymous SNV
AB836738.1,NC_004912.1_PA,PA,2090,T,C,2079,snp,PA,690,I,I,synonymous SNV
AB836738.1,NC_004912.1_PA,PA,2132,A,G,2121,snp,PA,704,A,A,synonymous SNV
AB836738.1,NC_004912.1_PA,PA,2167,A,G,2156,snp,PA,716,K,R,nonsynonymous SNV
AB836737.1,NC_004911.1_PB1,PB1,47,T,C,34,snp,PB1,8,L,L,synonymous SNV
AB836737.1,NC_004911.1_PB1,PB1,53,A,G,40,snp,PB1,10,L,L,synonymous SNV
AB836737.1,NC_004911.1_PB1,PB1,64,C,T,51,snp,PB1,14,A,V,nonsynonymous SNV
AB836737.1,NC_004911.1_PB1,PB1,74,A,T,61,snp,PB1,17,A,A,synonymous SNV
AB836737.1,NC_004911.1_PB1,PB1,86,A,G,73,snp,PB1,21,T,T,synonymous SNV
AB836737.1,NC_004911.1_PB1,PB1,104,T,C,91,snp,PB1,27,D,D,synonymous SNV
AB836737.1,NC_004911.1_PB1,PB1,107,C,T,94,snp,PB1,28,P,P,synonymous SNV
AB836737.1,NC_004911.1_PB1,PB1,113,T,C,100,snp,PB1,30,Y,Y,synonymous SNV
AB836737.1,NC_004911.1_PB1,PB1,170,T,C,157,snp,PB1,49,Y,Y,synonymous SNV
AB836737.1,NC_004911.1_PB1,PB1,182,G,A,169,snp,PB1,53,G,G,synonymous SNV
AB836737.1,NC_004911.1_PB1,PB1,184,G,A,171,snp,PB1,54,R,K,nonsynonymous SNV
AB836737.1,NC_004911.1_PB1,PB1,193,C,T,180,snp,PB1,57,T,M,nonsynonymous SNV
AB836737.1,NC_004911.1_PB1,PB1,194,A,G,181,snp,PB1,57,T,M,nonsynonymous SNV
AB836737.1,NC_004911.1_PB1,PB1,206,C,T,193,snp,PB1,61,T,T,synonymous SNV
AB836737.1,NC_004911.1_PB1,PB1,224,C,T,211,snp,PB1,67,N,N,synonymous SNV
AB836737.1,NC_004911.1_PB1,PB1,227,T,G,214,snp,PB1,68,P,P,synonymous SNV
AB836737.1,NC_004911.1_PB1,PB1,239,A,G,226,snp,PB1,72,P,P,synonymous SNV
AB836737.1,NC_004911.1_PB1,PB1,242,A,G,229,snp,PB1,73,L,L,synonymous SNV
AB836737.1,NC_004911.1_PB1,PB1,248,A,G,235,snp,PB1,75,E,E,synonymous SNV
AB836737.1,NC_004911.1_PB1,PB1,254,T,C,241,snp,PB1,77,N,N,synonymous SNV
AB836737.1,NC_004911.1_PB1,PB1,263,C,T,250,snp,PB1,80,S,S,synonymous SNV
AB836737.1,NC_004911.1_PB1,PB1,278,A,G,265,snp,PB1,85,T,T,synonymous SNV
AB836737.1,NC_004911.1_PB1,PB1,317,C,T,304,snp,PB1,98,S,S,synonymous SNV
AB836737.1,NC_004911.1_PB1,PB1,320,C,T,307,snp,PB1,99,H,H,synonymous SNV
AB836737.1,NC_004911.1_PB1,PB1,326,A,G,313,snp,PB1,101,G,G,synonymous SNV
AB836737.1,NC_004911.1_PB1,PB1,329,C,T,316,snp,PB1,102,L,L,synonymous SNV
AB836737.1,NC_004911.1_PB1,PB1,341,A,G,328,snp,PB1,106,S,S,synonymous SNV
AB836737.1,NC_004911.1_PB1,PB1,347,T,C,334,snp,PB1,108,L,L,synonymous SNV
AB836737.1,NC_004911.1_PB1,PB1,365,C,T,352,snp,PB1,114,V,V,synonymous SNV
AB836737.1,NC_004911.1_PB1,PB1,374,G,A,361,snp,PB1,117,T,T,synonymous SNV
AB836737.1,NC_004911.1_PB1,PB1,386,G,A,373,snp,PB1,121,K,K,synonymous SNV
AB836737.1,NC_004911.1_PB1,PB1,398,T,C,385,snp,PB1,125,G,G,synonymous SNV
AB836737.1,NC_004911.1_PB1,PB1,407,T,A,394,snp,PB1,128,T,T,synonymous SNV
AB836737.1,NC_004911.1_PB1,PB1,431,C,T,418,snp,PB1,136,N,N,synonymous SNV
AB836737.1,NC_004911.1_PB1,PB1,443,A,T,430,snp,PB1,140,A,A,synonymous SNV
AB836737.1,NC_004911.1_PB1,PB1,449,T,A,436,snp,PB1,142,A,A,synonymous SNV
AB836737.1,NC_004911.1_PB1,PB1,461,C,T,448,snp,PB1,146,T,T,synonymous SNV
AB836737.1,NC_004911.1_PB1,PB1,467,A,G,454,snp,PB1,148,E,E,synonymous SNV
AB836737.1,NC_004911.1_PB1,PB1,482,C,T,469,snp,PB1,153,N,N,synonymous SNV
AB836737.1,NC_004911.1_PB1,PB1,485,T,C,472,snp,PB1,154,G,G,synonymous SNV
AB836737.1,NC_004911.1_PB1,PB1,488,A,G,475,snp,PB1,155,L,L,synonymous SNV
AB836737.1,NC_004911.1_PB1,PB1,494,C,T,481,snp,PB1,157,A,A,synonymous SNV
AB836737.1,NC_004911.1_PB1,PB1,500,G,A,487,snp,PB1,159,E,E,synonymous SNV
AB836737.1,NC_004911.1_PB1,PB1,512,A,G,499,snp,PB1,163,L,L,synonymous SNV
AB836737.1,NC_004911.1_PB1,PB1,515,A,T,502,snp,PB1,164,I,I,synonymous SNV
AB836737.1,NC_004911.1_PB1,PB1,526,A,G,513,snp,PB1,168,K,R,nonsynonymous SNV
AB836737.1,NC_004911.1_PB1,PB1,530,C,T,517,snp,PB1,169,D,D,synonymous SNV
AB836737.1,NC_004911.1_PB1,PB1,533,A,G,520,snp,PB1,170,V,V,synonymous SNV
AB836737.1,NC_004911.1_PB1,PB1,539,A,T,526,snp,PB1,172,E,D,nonsynonymous SNV
AB836737.1,NC_004911.1_PB1,PB1,563,A,G,550,snp,PB1,180,E,E,synonymous SNV
AB836737.1,NC_004911.1_PB1,PB1,566,A,T,553,snp,PB1,181,I,I,synonymous SNV
AB836737.1,NC_004911.1_PB1,PB1,584,A,G,571,snp,PB1,187,R,R,synonymous SNV
AB836737.1,NC_004911.1_PB1,PB1,590,A,G,577,snp,PB1,189,R,R,synonymous SNV
AB836737.1,NC_004911.1_PB1,PB1,629,A,G,616,snp,PB1,202,Q,Q,synonymous SNV
AB836737.1,NC_004911.1_PB1,PB1,647,G,A,634,snp,PB1,208,K,K,synonymous SNV
AB836737.1,NC_004911.1_PB1,PB1,650,G,A,637,snp,PB1,209,K,K,synonymous SNV
AB836737.1,NC_004911.1_PB1,PB1,655,A,G,642,snp,PB1,211,K,R,nonsynonymous SNV
AB836737.1,NC_004911.1_PB1,PB1,656,G,A,643,snp,PB1,211,K,R,nonsynonymous SNV
AB836737.1,NC_004911.1_PB1,PB1,661,C,A,648,snp,PB1,213,T,N,nonsynonymous SNV
AB836737.1,NC_004911.1_PB1,PB1,662,A,C,649,snp,PB1,213,T,N,nonsynonymous SNV
AB836737.1,NC_004911.1_PB1,PB1,667,A,G,654,snp,PB1,215,K,R,nonsynonymous SNV
AB836737.1,NC_004911.1_PB1,PB1,710,A,G,697,snp,PB1,229,K,K,synonymous SNV
AB836737.1,NC_004911.1_PB1,PB1,722,G,A,709,snp,PB1,233,R,R,synonymous SNV
AB836737.1,NC_004911.1_PB1,PB1,725,A,C,712,snp,PB1,234,G,G,synonymous SNV
AB836737.1,NC_004911.1_PB1,PB1,728,A,G,715,snp,PB1,235,K,K,synonymous SNV
AB836737.1,NC_004911.1_PB1,PB1,740,A,G,727,snp,PB1,239,R,R,synonymous SNV
AB836737.1,NC_004911.1_PB1,PB1,743,G,A,730,snp,PB1,240,A,A,synonymous SNV
AB836737.1,NC_004911.1_PB1,PB1,746,T,C,733,snp,PB1,241,I,I,synonymous SNV
AB836737.1,NC_004911.1_PB1,PB1,758,A,G,745,snp,PB1,245,G,G,synonymous SNV
AB836737.1,NC_004911.1_PB1,PB1,782,C,T,769,snp,PB1,253,H,H,synonymous SNV
AB836737.1,NC_004911.1_PB1,PB1,788,C,A,775,snp,PB1,255,V,V,synonymous SNV
AB836737.1,NC_004911.1_PB1,PB1,800,A,T,787,snp,PB1,259,A,A,synonymous SNV
AB836737.1,NC_004911.1_PB1,PB1,815,A,G,802,snp,PB1,264,E,E,synonymous SNV
AB836737.1,NC_004911.1_PB1,PB1,833,A,C,820,snp,PB1,270,G,G,synonymous SNV
AB836737.1,NC_004911.1_PB1,PB1,839,C,T,826,snp,PB1,272,P,P,synonymous SNV
AB836737.1,NC_004911.1_PB1,PB1,842,T,C,829,snp,PB1,273,V,V,synonymous SNV
AB836737.1,NC_004911.1_PB1,PB1,860,G,A,847,snp,PB1,279,K,K,synonymous SNV
AB836737.1,NC_004911.1_PB1,PB1,884,A,G,871,snp,PB1,287,R,R,synonymous SNV
AB836737.1,NC_004911.1_PB1,PB1,899,C,T,886,snp,PB1,292,N,N,synonymous SNV
AB836737.1,NC_004911.1_PB1,PB1,905,A,G,892,snp,PB1,294,Q,Q,synonymous SNV
AB836737.1,NC_004911.1_PB1,PB1,923,T,C,910,snp,PB1,300,F,F,synonymous SNV
AB836737.1,NC_004911.1_PB1,PB1,932,C,T,919,snp,PB1,303,T,T,synonymous SNV
AB836737.1,NC_004911.1_PB1,PB1,962,G,A,949,snp,PB1,313,Q,Q,synonymous SNV
AB836737.1,NC_004911.1_PB1,PB1,965,T,C,952,snp,PB1,314,N,N,synonymous SNV
AB836737.1,NC_004911.1_PB1,PB1,968,T,C,955,snp,PB1,315,P,P,synonymous SNV
AB836737.1,NC_004911.1_PB1,PB1,971,A,G,958,snp,PB1,316,R,R,synonymous SNV
AB836737.1,NC_004911.1_PB1,PB1,974,A,G,961,snp,PB1,317,I,M,nonsynonymous SNV
AB836737.1,NC_004911.1_PB1,PB1,995,C,T,982,snp,PB1,324,Y,Y,synonymous SNV
AB836737.1,NC_004911.1_PB1,PB1,1004,G,A,991,snp,PB1,327,R,R,synonymous SNV
AB836737.1,NC_004911.1_PB1,PB1,1010,A,G,997,snp,PB1,329,Q,Q,synonymous SNV
AB836737.1,NC_004911.1_PB1,PB1,1013,T,G,1000,snp,PB1,330,P,P,synonymous SNV
AB836737.1,NC_004911.1_PB1,PB1,1025,A,G,1012,snp,PB1,334,R,R,synonymous SNV
AB836737.1,NC_004911.1_PB1,PB1,1034,G,A,1021,snp,PB1,337,L,L,synonymous SNV
AB836737.1,NC_004911.1_PB1,PB1,1043,C,T,1030,snp,PB1,340,A,A,synonymous SNV
AB836737.1,NC_004911.1_PB1,PB1,1061,T,C,1048,snp,PB1,346,N,N,synonymous SNV
AB836737.1,NC_004911.1_PB1,PB1,1064,A,G,1051,snp,PB1,347,K,K,synonymous SNV
AB836737.1,NC_004911.1_PB1,PB1,1073,G,A,1060,snp,PB1,350,R,R,synonymous SNV
AB836737.1,NC_004911.1_PB1,PB1,1097,G,A,1084,snp,PB1,358,E,E,synonymous SNV
AB836737.1,NC_004911.1_PB1,PB1,1106,C,T,1093,snp,PB1,361,S,S,synonymous SNV
AB836737.1,NC_004911.1_PB1,PB1,1133,A,G,1120,snp,PB1,370,A,A,synonymous SNV
AB836737.1,NC_004911.1_PB1,PB1,1142,T,A,1129,snp,PB1,373,L,L,synonymous SNV
AB836737.1,NC_004911.1_PB1,PB1,1145,A,G,1132,snp,PB1,374,A,A,synonymous SNV
AB836737.1,NC_004911.1_PB1,PB1,1148,C,T,1135,snp,PB1,375,N,N,synonymous SNV
AB836737.1,NC_004911.1_PB1,PB1,1175,G,A,1162,snp,PB1,384,S,S,synonymous SNV
AB836737.1,NC_004911.1_PB1,PB1,1178,G,A,1165,snp,PB1,385,T,T,synonymous SNV
AB836737.1,NC_004911.1_PB1,PB1,1187,A,G,1174,snp,PB1,388,K,K,synonymous SNV
AB836737.1,NC_004911.1_PB1,PB1,1190,T,C,1177,snp,PB1,389,I,I,synonymous SNV
AB836737.1,NC_004911.1_PB1,PB1,1202,A,G,1189,snp,PB1,393,R,R,synonymous SNV
AB836737.1,NC_004911.1_PB1,PB1,1214,A,G,1201,snp,PB1,397,I,M,nonsynonymous SNV
AB836737.1,NC_004911.1_PB1,PB1,1217,G,T,1204,snp,PB1,398,E,D,nonsynonymous SNV
AB836737.1,NC_004911.1_PB1,PB1,1238,A,T,1225,snp,PB1,405,P,P,synonymous SNV
AB836737.1,NC_004911.1_PB1,PB1,1253,C,T,1240,snp,PB1,410,G,G,synonymous SNV
AB836737.1,NC_004911.1_PB1,PB1,1259,T,C,1246,snp,PB1,412,F,F,synonymous SNV
AB836737.1,NC_004911.1_PB1,PB1,1268,A,G,1255,snp,PB1,415,L,L,synonymous SNV
AB836737.1,NC_004911.1_PB1,PB1,1274,G,A,1261,snp,PB1,417,T,T,synonymous SNV
AB836737.1,NC_004911.1_PB1,PB1,1277,C,A,1264,snp,PB1,418,V,V,synonymous SNV
AB836737.1,NC_004911.1_PB1,PB1,1286,C,T,1273,snp,PB1,421,V,V,synonymous SNV
AB836737.1,NC_004911.1_PB1,PB1,1292,C,T,1279,snp,PB1,423,I,I,synonymous SNV
AB836737.1,NC_004911.1_PB1,PB1,1295,A,G,1282,snp,PB1,424,L,L,synonymous SNV
AB836737.1,NC_004911.1_PB1,PB1,1301,T,C,1288,snp,PB1,426,L,L,synonymous SNV
AB836737.1,NC_004911.1_PB1,PB1,1304,G,A,1291,snp,PB1,427,G,G,synonymous SNV
AB836737.1,NC_004911.1_PB1,PB1,1312,G,A,1299,snp,PB1,430,R,K,nonsynonymous SNV
AB836737.1,NC_004911.1_PB1,PB1,1324,C,A,1311,snp,PB1,434,T,N,nonsynonymous SNV
AB836737.1,NC_004911.1_PB1,PB1,1331,C,T,1318,snp,PB1,436,Y,Y,synonymous SNV
AB836737.1,NC_004911.1_PB1,PB1,1340,T,C,1327,snp,PB1,439,D,D,synonymous SNV
AB836737.1,NC_004911.1_PB1,PB1,1343,G,A,1330,snp,PB1,440,G,G,synonymous SNV
AB836737.1,NC_004911.1_PB1,PB1,1355,T,A,1342,snp,PB1,444,S,S,synonymous SNV
AB836737.1,NC_004911.1_PB1,PB1,1361,T,C,1348,snp,PB1,446,D,D,synonymous SNV
AB836737.1,NC_004911.1_PB1,PB1,1367,T,C,1354,snp,PB1,448,A,A,synonymous SNV
AB836737.1,NC_004911.1_PB1,PB1,1385,A,G,1372,snp,PB1,454,P,P,synonymous SNV
AB836737.1,NC_004911.1_PB1,PB1,1394,G,A,1381,snp,PB1,457,E,E,synonymous SNV
AB836737.1,NC_004911.1_PB1,PB1,1403,A,G,1390,snp,PB1,460,Q,Q,synonymous SNV
AB836737.1,NC_004911.1_PB1,PB1,1409,A,G,1396,snp,PB1,462,G,G,synonymous SNV
AB836737.1,NC_004911.1_PB1,PB1,1415,T,C,1402,snp,PB1,464,D,D,synonymous SNV
AB836737.1,NC_004911.1_PB1,PB1,1427,G,A,1414,snp,PB1,468,R,R,synonymous SNV
AB836737.1,NC_004911.1_PB1,PB1,1430,T,C,1417,snp,PB1,469,T,T,synonymous SNV
AB836737.1,NC_004911.1_PB1,PB1,1436,G,A,1423,snp,PB1,471,K,K,synonymous SNV
AB836737.1,NC_004911.1_PB1,PB1,1448,C,A,1435,snp,PB1,475,I,I,synonymous SNV
AB836737.1,NC_004911.1_PB1,PB1,1460,A,G,1447,snp,PB1,479,K,K,synonymous SNV
AB836737.1,NC_004911.1_PB1,PB1,1466,G,A,1453,snp,PB1,481,K,K,synonymous SNV
AB836737.1,NC_004911.1_PB1,PB1,1469,T,C,1456,snp,PB1,482,S,S,synonymous SNV
AB836737.1,NC_004911.1_PB1,PB1,1493,T,C,1480,snp,PB1,490,F,F,synonymous SNV
AB836737.1,NC_004911.1_PB1,PB1,1496,G,A,1483,snp,PB1,491,E,E,synonymous SNV
AB836737.1,NC_004911.1_PB1,PB1,1523,G,A,1510,snp,PB1,500,G,G,synonymous SNV
AB836737.1,NC_004911.1_PB1,PB1,1526,T,C,1513,snp,PB1,501,F,F,synonymous SNV
AB836737.1,NC_004911.1_PB1,PB1,1532,C,T,1519,snp,PB1,503,A,A,synonymous SNV
AB836737.1,NC_004911.1_PB1,PB1,1541,C,T,1528,snp,PB1,506,S,S,synonymous SNV
AB836737.1,NC_004911.1_PB1,PB1,1556,C,T,1543,snp,PB1,511,S,S,synonymous SNV
AB836737.1,NC_004911.1_PB1,PB1,1565,T,A,1552,snp,PB1,514,V,V,synonymous SNV
AB836737.1,NC_004911.1_PB1,PB1,1568,C,T,1555,snp,PB1,515,S,S,synonymous SNV
AB836737.1,NC_004911.1_PB1,PB1,1571,A,G,1558,snp,PB1,516,G,G,synonymous SNV
AB836737.1,NC_004911.1_PB1,PB1,1580,A,G,1567,snp,PB1,519,E,E,synonymous SNV
AB836737.1,NC_004911.1_PB1,PB1,1583,G,A,1570,snp,PB1,520,S,S,synonymous SNV
AB836737.1,NC_004911.1_PB1,PB1,1601,A,T,1588,snp,PB1,526,G,G,synonymous SNV
AB836737.1,NC_004911.1_PB1,PB1,1610,G,A,1597,snp,PB1,529,V,V,synonymous SNV
AB836737.1,NC_004911.1_PB1,PB1,1619,T,C,1606,snp,PB1,532,N,N,synonymous SNV
AB836737.1,NC_004911.1_PB1,PB1,1637,C,T,1624,snp,PB1,538,D,D,synonymous SNV
AB836737.1,NC_004911.1_PB1,PB1,1664,T,C,1651,snp,PB1,547,A,A,synonymous SNV
AB836737.1,NC_004911.1_PB1,PB1,1673,G,A,1660,snp,PB1,550,L,L,synonymous SNV
AB836737.1,NC_004911.1_PB1,PB1,1676,C,T,1663,snp,PB1,551,F,F,synonymous SNV
AB836737.1,NC_004911.1_PB1,PB1,1679,T,C,1666,snp,PB1,552,I,I,synonymous SNV
AB836737.1,NC_004911.1_PB1,PB1,1682,A,G,1669,snp,PB1,553,K,K,synonymous SNV
AB836737.1,NC_004911.1_PB1,PB1,1697,C,A,1684,snp,PB1,558,T,T,synonymous SNV
AB836737.1,NC_004911.1_PB1,PB1,1706,C,T,1693,snp,PB1,561,C,C,synonymous SNV
AB836737.1,NC_004911.1_PB1,PB1,1712,A,G,1699,snp,PB1,563,R,R,synonymous SNV
AB836737.1,NC_004911.1_PB1,PB1,1721,A,G,1708,snp,PB1,566,T,T,synonymous SNV
AB836737.1,NC_004911.1_PB1,PB1,1733,T,G,1720,snp,PB1,570,T,T,synonymous SNV
AB836737.1,NC_004911.1_PB1,PB1,1736,A,G,1723,snp,PB1,571,R,R,synonymous SNV
AB836737.1,NC_004911.1_PB1,PB1,1745,T,C,1732,snp,PB1,574,F,F,synonymous SNV
AB836737.1,NC_004911.1_PB1,PB1,1748,A,G,1735,snp,PB1,575,E,E,synonymous SNV
AB836737.1,NC_004911.1_PB1,PB1,1757,G,A,1744,snp,PB1,578,K,K,synonymous SNV
AB836737.1,NC_004911.1_PB1,PB1,1775,C,T,1762,snp,PB1,584,R,R,synonymous SNV
AB836737.1,NC_004911.1_PB1,PB1,1778,A,G,1765,snp,PB1,585,S,S,synonymous SNV
AB836737.1,NC_004911.1_PB1,PB1,1784,A,G,1771,snp,PB1,587,A,A,synonymous SNV
AB836737.1,NC_004911.1_PB1,PB1,1811,G,A,1798,snp,PB1,596,P,P,synonymous SNV
AB836737.1,NC_004911.1_PB1,PB1,1814,T,C,1801,snp,PB1,597,N,N,synonymous SNV
AB836737.1,NC_004911.1_PB1,PB1,1817,A,G,1804,snp,PB1,598,L,L,synonymous SNV
AB836737.1,NC_004911.1_PB1,PB1,1823,C,T,1810,snp,PB1,600,N,N,synonymous SNV
AB836737.1,NC_004911.1_PB1,PB1,1826,C,T,1813,snp,PB1,601,I,I,synonymous SNV
AB836737.1,NC_004911.1_PB1,PB1,1832,T,C,1819,snp,PB1,603,N,N,synonymous SNV
AB836737.1,NC_004911.1_PB1,PB1,1835,T,C,1822,snp,PB1,604,L,L,synonymous SNV
AB836737.1,NC_004911.1_PB1,PB1,1841,T,C,1828,snp,PB1,606,I,I,synonymous SNV
AB836737.1,NC_004911.1_PB1,PB1,1847,A,G,1834,snp,PB1,608,E,E,synonymous SNV
AB836737.1,NC_004911.1_PB1,PB1,1850,T,C,1837,snp,PB1,609,V,V,synonymous SNV
AB836737.1,NC_004911.1_PB1,PB1,1859,G,A,1846,snp,PB1,612,K,K,synonymous SNV
AB836737.1,NC_004911.1_PB1,PB1,1865,G,A,1852,snp,PB1,614,E,E,synonymous SNV
AB836737.1,NC_004911.1_PB1,PB1,1880,T,C,1867,snp,PB1,619,D,D,synonymous SNV
AB836737.1,NC_004911.1_PB1,PB1,1886,G,A,1873,snp,PB1,621,Q,Q,synonymous SNV
AB836737.1,NC_004911.1_PB1,PB1,1889,A,C,1876,snp,PB1,622,G,G,synonymous SNV
AB836737.1,NC_004911.1_PB1,PB1,1892,A,G,1879,snp,PB1,623,R,R,synonymous SNV
AB836737.1,NC_004911.1_PB1,PB1,1901,C,T,1888,snp,PB1,626,N,N,synonymous SNV
AB836737.1,NC_004911.1_PB1,PB1,1937,A,T,1924,snp,PB1,638,E,D,nonsynonymous SNV
AB836737.1,NC_004911.1_PB1,PB1,1952,T,G,1939,snp,PB1,643,A,A,synonymous SNV
AB836737.1,NC_004911.1_PB1,PB1,1958,A,G,1945,snp,PB1,645,V,V,synonymous SNV
AB836737.1,NC_004911.1_PB1,PB1,1967,C,T,1954,snp,PB1,648,A,A,synonymous SNV
AB836737.1,NC_004911.1_PB1,PB1,1973,T,C,1960,snp,PB1,650,G,G,synonymous SNV
AB836737.1,NC_004911.1_PB1,PB1,1976,G,A,1963,snp,PB1,651,P,P,synonymous SNV
AB836737.1,NC_004911.1_PB1,PB1,1979,C,T,1966,snp,PB1,652,A,A,synonymous SNV
AB836737.1,NC_004911.1_PB1,PB1,1982,G,A,1969,snp,PB1,653,K,K,synonymous SNV
AB836737.1,NC_004911.1_PB1,PB1,1991,A,G,1978,snp,PB1,656,E,E,synonymous SNV
AB836737.1,NC_004911.1_PB1,PB1,2024,T,C,2011,snp,PB1,667,I,I,synonymous SNV
AB836737.1,NC_004911.1_PB1,PB1,2027,C,T,2014,snp,PB1,668,P,P,synonymous SNV
AB836737.1,NC_004911.1_PB1,PB1,2033,A,G,2020,snp,PB1,670,R,R,synonymous SNV
AB836737.1,NC_004911.1_PB1,PB1,2054,T,C,2041,snp,PB1,677,T,T,synonymous SNV
AB836737.1,NC_004911.1_PB1,PB1,2066,A,G,2053,snp,PB1,681,G,G,synonymous SNV
AB836737.1,NC_004911.1_PB1,PB1,2084,A,G,2071,snp,PB1,687,Q,Q,synonymous SNV
AB836737.1,NC_004911.1_PB1,PB1,2104,C,A,2091,snp,PB1,694,T,N,nonsynonymous SNV
AB836737.1,NC_004911.1_PB1,PB1,2105,T,C,2092,snp,PB1,694,T,N,nonsynonymous SNV
AB836737.1,NC_004911.1_PB1,PB1,2114,G,A,2101,snp,PB1,697,E,E,synonymous SNV
AB836737.1,NC_004911.1_PB1,PB1,2117,A,G,2104,snp,PB1,698,K,K,synonymous SNV
AB836737.1,NC_004911.1_PB1,PB1,2126,T,C,2113,snp,PB1,701,P,P,synonymous SNV
AB836737.1,NC_004911.1_PB1,PB1,2138,T,C,2125,snp,PB1,705,Y,Y,synonymous SNV
AB836737.1,NC_004911.1_PB1,PB1,2204,G,A,2191,snp,PB1,727,R,R,synonymous SNV
AB836737.1,NC_004911.1_PB1,PB1,2216,G,A,2203,snp,PB1,731,E,E,synonymous SNV
AB836737.1,NC_004911.1_PB1,PB1,2240,A,G,2227,snp,PB1,739,E,E,synonymous SNV
AB836737.1,NC_004911.1_PB1,PB1,2293,G,A,2280,snp,PB1,757,G,E,nonsynonymous SNV
AB836737.1,NC_004911.1_PB1,PB1,2294,G,A,2281,snp,PB1,757,G,E,nonsynonymous SNV
